DATE,T2M_MAX,T2M_MIN,PRECTOTCORR,RH2M,WS2M,DISTRICT
20190101,31.0,10.84,0.0,25.36,2.72,Kolhapur
20190102,30.68,11.89,0.0,25.94,2.66,Kolhapur
20190103,31.29,11.76,0.0,31.89,2.08,Kolhapur
20190104,31.98,12.28,0.0,31.56,2.16,Kolhapur
20190105,32.51,13.03,0.0,36.86,1.32,Kolhapur
20190106,32.32,13.04,0.0,37.49,1.23,Kolhapur
20190107,31.35,14.32,0.0,37.6,2.82,Kolhapur
20190108,31.45,13.35,0.0,26.7,2.56,Kolhapur
20190109,32.65,12.59,0.0,25.01,1.63,Kolhapur
20190110,32.97,12.84,0.0,25.56,1.48,Kolhapur
20190111,33.12,13.12,0.0,36.17,1.66,Kolhapur
20190112,33.05,15.09,0.0,40.99,1.29,Kolhapur
20190113,32.67,14.16,0.0,38.52,1.21,Kolhapur
20190114,32.45,14.58,0.0,35.42,2.24,Kolhapur
20190115,32.46,15.35,0.0,35.58,2.4,Kolhapur
20190116,32.73,15.23,0.0,33.92,2.34,Kolhapur
20190117,33.05,14.97,0.0,28.54,2.23,Kolhapur
20190118,33.31,14.31,0.0,29.75,1.93,Kolhapur
20190119,32.93,15.24,0.0,31.52,2.17,Kolhapur
20190120,33.04,14.99,0.0,29.82,2.27,Kolhapur
20190121,33.31,14.03,0.0,39.1,2.31,Kolhapur
20190122,31.07,16.18,0.0,65.03,2.0,Kolhapur
20190123,31.42,14.24,0.0,57.73,1.8,Kolhapur
20190124,32.35,12.73,0.0,53.9,2.12,Kolhapur
20190125,31.41,12.43,0.0,41.82,2.14,Kolhapur
20190126,31.25,13.47,0.0,36.94,2.02,Kolhapur
20190127,30.96,13.32,0.0,53.35,1.84,Kolhapur
20190128,29.64,16.65,0.0,49.5,3.01,Kolhapur
20190129,30.03,14.84,0.0,33.94,3.82,Kolhapur
20190130,31.82,13.11,0.0,23.81,2.67,Kolhapur
20190131,33.01,13.59,0.0,30.78,1.61,Kolhapur
20190201,32.87,14.83,0.0,43.34,1.76,Kolhapur
20190202,32.95,17.01,0.0,40.99,0.88,Kolhapur
20190203,33.26,16.12,0.0,36.57,2.24,Kolhapur
20190204,33.7,17.2,0.0,37.75,2.87,Kolhapur
20190205,34.12,17.18,0.0,39.95,1.8,Kolhapur
20190206,35.4,17.17,0.0,43.94,2.49,Kolhapur
20190207,32.86,15.92,0.0,48.04,2.27,Kolhapur
20190208,32.51,13.44,0.0,44.66,2.39,Kolhapur
20190209,34.36,11.06,0.0,25.61,2.16,Kolhapur
20190210,34.7,13.85,0.0,23.99,2.08,Kolhapur
20190211,33.95,16.33,0.0,35.32,1.83,Kolhapur
20190212,35.27,20.03,0.0,39.17,2.78,Kolhapur
20190213,34.88,19.5,0.0,33.87,2.73,Kolhapur
20190214,36.0,18.33,0.0,36.62,2.5,Kolhapur
20190215,35.2,18.21,0.0,42.6,2.23,Kolhapur
20190216,34.72,15.51,0.0,37.77,2.13,Kolhapur
20190217,33.69,15.35,0.0,34.36,2.11,Kolhapur
20190218,36.87,14.52,0.0,33.43,1.1,Kolhapur
20190219,37.82,17.6,0.0,42.52,1.67,Kolhapur
20190220,38.0,18.24,0.0,40.67,1.78,Kolhapur
20190221,37.25,19.41,0.0,44.99,1.42,Kolhapur
20190222,38.14,19.47,0.0,33.4,2.02,Kolhapur
20190223,38.29,20.43,0.0,28.57,1.76,Kolhapur
20190224,38.36,19.86,0.0,30.37,2.07,Kolhapur
20190225,37.65,18.61,0.0,26.68,2.25,Kolhapur
20190226,36.34,16.84,0.0,30.37,2.64,Kolhapur
20190227,34.42,16.43,0.0,34.83,2.66,Kolhapur
20190228,33.87,14.33,0.0,39.98,2.38,Kolhapur
20190301,35.79,14.5,0.0,40.26,1.85,Kolhapur
20190302,37.33,16.53,0.0,42.3,2.42,Kolhapur
20190303,36.25,16.23,0.0,51.54,2.18,Kolhapur
20190304,37.02,17.55,0.0,57.52,3.02,Kolhapur
20190305,35.09,17.95,0.0,58.07,3.16,Kolhapur
20190306,35.11,16.04,0.0,52.59,2.72,Kolhapur
20190307,36.19,13.92,0.0,38.01,1.93,Kolhapur
20190308,38.43,16.31,0.0,21.49,1.79,Kolhapur
20190309,37.77,18.05,0.0,34.42,2.12,Kolhapur
20190310,38.41,18.97,0.0,31.47,2.27,Kolhapur
20190311,38.53,18.23,0.0,34.43,2.23,Kolhapur
20190312,37.63,18.0,0.0,39.34,2.39,Kolhapur
20190313,37.52,19.19,0.0,35.83,2.19,Kolhapur
20190314,38.16,18.93,0.0,32.2,2.07,Kolhapur
20190315,38.7,20.04,0.0,28.58,2.16,Kolhapur
20190316,39.33,19.2,0.0,32.02,1.89,Kolhapur
20190317,38.52,19.64,0.0,29.77,1.5,Kolhapur
20190318,38.66,19.24,0.0,30.32,2.33,Kolhapur
20190319,38.86,18.31,0.0,33.15,2.44,Kolhapur
20190320,38.23,17.84,0.0,38.9,2.74,Kolhapur
20190321,38.06,17.38,0.0,41.44,2.19,Kolhapur
20190322,38.92,18.59,0.0,31.17,1.92,Kolhapur
20190323,40.06,18.9,0.0,26.55,1.88,Kolhapur
20190324,40.63,20.04,0.0,30.83,1.55,Kolhapur
20190325,39.9,24.03,2.68,34.45,2.1,Kolhapur
20190326,40.12,24.42,0.28,40.24,2.07,Kolhapur
20190327,40.06,22.12,1.71,53.43,2.38,Kolhapur
20190328,40.85,20.0,0.06,43.31,1.75,Kolhapur
20190329,41.18,19.4,0.12,40.67,2.03,Kolhapur
20190330,40.09,20.17,0.67,53.43,2.66,Kolhapur
20190331,39.61,23.06,1.45,49.11,3.04,Kolhapur
20190401,40.29,20.48,0.02,47.56,2.48,Kolhapur
20190402,40.87,18.82,0.0,43.4,2.63,Kolhapur
20190403,41.33,19.13,0.0,39.71,2.55,Kolhapur
20190404,41.07,21.3,1.63,50.0,2.07,Kolhapur
20190405,39.48,21.72,0.8,55.43,2.08,Kolhapur
20190406,40.16,21.74,0.0,46.75,2.1,Kolhapur
20190407,41.01,21.6,0.0,36.41,2.17,Kolhapur
20190408,41.36,20.95,0.0,42.9,2.21,Kolhapur
20190409,41.1,21.26,0.0,47.44,2.54,Kolhapur
20190410,41.55,21.51,0.1,34.87,2.08,Kolhapur
20190411,40.92,22.4,1.79,36.31,2.07,Kolhapur
20190412,41.5,21.54,0.17,46.56,2.52,Kolhapur
20190413,40.41,21.59,2.79,45.89,2.1,Kolhapur
20190414,40.17,23.59,0.82,43.27,2.44,Kolhapur
20190415,39.37,23.09,2.33,49.05,2.54,Kolhapur
20190416,38.04,22.43,0.03,53.57,2.81,Kolhapur
20190417,38.31,20.58,0.0,49.71,3.05,Kolhapur
20190418,39.41,18.59,0.0,34.82,2.46,Kolhapur
20190419,39.32,19.21,0.0,49.1,3.13,Kolhapur
20190420,38.74,20.44,0.0,46.63,2.97,Kolhapur
20190421,39.13,19.86,0.0,49.25,2.66,Kolhapur
20190422,40.02,20.17,0.0,41.6,3.03,Kolhapur
20190423,40.78,20.52,0.0,32.99,2.32,Kolhapur
20190424,41.63,23.9,0.0,34.14,2.1,Kolhapur
20190425,42.4,23.59,0.0,38.0,1.72,Kolhapur
20190426,42.75,23.14,0.0,48.65,2.43,Kolhapur
20190427,42.61,24.58,1.11,44.83,2.03,Kolhapur
20190428,41.46,25.72,0.2,44.76,2.24,Kolhapur
20190429,41.29,24.21,0.02,42.75,3.12,Kolhapur
20190430,41.39,22.76,0.02,52.42,3.49,Kolhapur
20190501,38.26,22.0,0.0,52.76,3.82,Kolhapur
20190502,37.47,20.97,0.0,50.34,4.13,Kolhapur
20190503,37.22,20.44,0.0,51.42,4.15,Kolhapur
20190504,36.32,20.53,0.0,58.24,4.17,Kolhapur
20190505,38.38,20.87,0.0,53.72,3.41,Kolhapur
20190506,40.15,20.39,0.0,50.44,2.61,Kolhapur
20190507,38.31,23.01,0.0,59.5,3.78,Kolhapur
20190508,37.1,22.74,0.01,57.68,4.28,Kolhapur
20190509,37.93,22.17,0.01,54.09,4.04,Kolhapur
20190510,39.12,21.3,0.0,52.6,3.9,Kolhapur
20190511,39.95,21.2,0.0,52.12,3.45,Kolhapur
20190512,41.15,21.87,0.0,51.14,2.94,Kolhapur
20190513,40.56,22.32,0.0,52.47,3.57,Kolhapur
20190514,40.4,21.47,0.0,51.56,3.72,Kolhapur
20190515,40.88,21.24,0.0,49.04,3.59,Kolhapur
20190516,41.11,20.64,0.0,48.5,3.11,Kolhapur
20190517,41.41,21.28,0.0,47.85,3.36,Kolhapur
20190518,41.48,21.93,0.0,42.47,2.86,Kolhapur
20190519,42.03,24.92,0.0,28.74,3.16,Kolhapur
20190520,42.91,24.39,0.0,30.01,2.97,Kolhapur
20190521,41.09,24.17,0.04,52.98,3.36,Kolhapur
20190522,41.6,24.07,0.09,53.16,2.84,Kolhapur
20190523,38.4,23.84,0.57,55.25,3.18,Kolhapur
20190524,39.82,23.75,0.81,53.83,2.52,Kolhapur
20190525,40.13,23.87,0.0,53.78,3.85,Kolhapur
20190526,38.28,23.78,0.0,53.86,4.31,Kolhapur
20190527,37.42,22.94,0.0,53.85,2.99,Kolhapur
20190528,41.67,24.19,0.0,49.57,3.65,Kolhapur
20190529,41.29,22.97,0.0,53.66,3.72,Kolhapur
20190530,40.43,23.79,0.0,56.12,4.3,Kolhapur
20190531,38.39,24.44,0.04,58.16,3.88,Kolhapur
20190601,37.69,23.92,0.05,57.45,3.38,Kolhapur
20190602,39.49,24.06,0.11,57.57,4.0,Kolhapur
20190603,37.43,23.62,1.7,60.82,4.58,Kolhapur
20190604,36.24,24.11,0.09,63.34,3.93,Kolhapur
20190605,40.75,24.05,0.67,56.92,2.81,Kolhapur
20190606,40.19,24.75,2.26,58.61,2.36,Kolhapur
20190607,36.98,24.76,3.55,60.95,3.1,Kolhapur
20190608,34.06,24.45,2.27,67.84,1.76,Kolhapur
20190609,34.34,24.33,3.0,70.64,2.72,Kolhapur
20190610,38.16,23.34,1.06,66.23,2.84,Kolhapur
20190611,33.75,23.87,2.78,68.7,4.43,Kolhapur
20190612,32.87,23.27,9.77,76.89,6.05,Kolhapur
20190613,32.11,22.54,10.08,73.09,5.56,Kolhapur
20190614,31.16,22.23,3.81,74.06,4.71,Kolhapur
20190615,32.37,23.19,1.85,75.98,4.69,Kolhapur
20190616,33.21,22.96,0.25,73.04,4.3,Kolhapur
20190617,31.26,23.16,0.34,73.48,4.42,Kolhapur
20190618,31.96,22.87,5.84,75.0,4.61,Kolhapur
20190619,32.02,23.05,14.56,77.56,4.8,Kolhapur
20190620,31.13,23.44,6.89,79.72,4.17,Kolhapur
20190621,31.18,23.4,2.25,77.71,3.65,Kolhapur
20190622,27.8,22.74,12.41,83.23,3.09,Kolhapur
20190623,27.99,22.51,25.0,84.76,3.32,Kolhapur
20190624,28.97,21.88,12.98,83.57,3.4,Kolhapur
20190625,31.1,21.84,5.3,80.19,3.08,Kolhapur
20190626,29.19,22.62,20.59,85.59,4.24,Kolhapur
20190627,29.35,22.72,20.32,83.95,5.0,Kolhapur
20190628,27.22,21.39,14.07,86.52,5.57,Kolhapur
20190629,25.39,21.67,66.41,90.45,4.87,Kolhapur
20190630,27.89,23.03,38.28,88.42,4.87,Kolhapur
20190701,27.41,23.03,16.09,89.06,4.59,Kolhapur
20190702,27.63,22.85,21.01,88.45,4.52,Kolhapur
20190703,26.97,22.9,15.1,90.02,4.29,Kolhapur
20190704,27.86,22.89,10.93,88.7,5.18,Kolhapur
20190705,28.09,23.29,14.19,88.45,6.57,Kolhapur
20190706,26.68,23.28,16.48,90.53,6.5,Kolhapur
20190707,27.58,22.8,28.92,88.8,6.47,Kolhapur
20190708,28.16,22.57,17.76,87.54,6.05,Kolhapur
20190709,27.86,22.95,15.96,88.58,6.25,Kolhapur
20190710,26.71,23.26,21.97,91.46,6.24,Kolhapur
20190711,24.99,22.12,45.84,92.03,5.35,Kolhapur
20190712,26.79,21.29,10.72,89.62,4.36,Kolhapur
20190713,26.22,22.38,5.43,91.8,3.91,Kolhapur
20190714,27.26,22.5,5.79,89.84,4.17,Kolhapur
20190715,27.2,22.41,10.09,89.52,4.17,Kolhapur
20190716,26.37,21.82,9.96,88.45,3.47,Kolhapur
20190717,26.34,21.6,3.04,88.5,3.44,Kolhapur
20190718,28.02,21.89,15.05,88.12,3.55,Kolhapur
20190719,28.73,21.87,16.03,89.05,2.72,Kolhapur
20190720,29.29,21.67,6.78,85.36,1.74,Kolhapur
20190721,28.74,22.14,16.82,87.59,2.52,Kolhapur
20190722,26.73,22.74,23.08,91.34,4.11,Kolhapur
20190723,25.9,22.82,19.55,92.24,4.73,Kolhapur
20190724,25.92,22.71,13.05,91.69,4.89,Kolhapur
20190725,25.58,22.44,8.59,92.96,4.24,Kolhapur
20190726,25.37,22.04,36.89,93.77,4.99,Kolhapur
20190727,24.91,21.7,16.74,93.21,5.62,Kolhapur
20190728,25.62,22.13,16.41,92.95,5.66,Kolhapur
20190729,24.69,22.43,48.54,94.54,5.59,Kolhapur
20190730,24.33,22.16,62.26,94.84,5.63,Kolhapur
20190731,26.44,21.82,19.79,90.94,5.66,Kolhapur
20190801,26.42,21.92,24.75,90.99,5.85,Kolhapur
20190802,25.77,21.76,30.27,91.69,6.38,Kolhapur
20190803,25.52,22.7,57.62,92.59,7.22,Kolhapur
20190804,23.75,20.92,50.98,94.32,7.72,Kolhapur
20190805,24.84,22.1,158.04,94.65,6.93,Kolhapur
20190806,24.33,22.17,113.85,94.98,7.41,Kolhapur
20190807,24.69,22.42,68.59,95.17,6.93,Kolhapur
20190808,25.38,22.73,43.82,94.56,7.53,Kolhapur
20190809,25.55,22.64,43.43,94.19,7.13,Kolhapur
20190810,25.97,21.95,23.78,92.39,6.8,Kolhapur
20190811,26.0,21.25,10.91,91.65,5.32,Kolhapur
20190812,26.44,21.62,6.92,92.01,4.61,Kolhapur
20190813,27.07,22.02,3.73,91.37,4.94,Kolhapur
20190814,25.42,22.45,6.94,93.73,4.3,Kolhapur
20190815,25.89,22.21,6.24,92.99,4.61,Kolhapur
20190816,27.39,22.03,2.4,90.49,4.47,Kolhapur
20190817,26.38,21.76,1.25,91.42,3.26,Kolhapur
20190818,25.97,21.49,3.63,91.76,2.91,Kolhapur
20190819,27.22,21.13,0.78,90.24,2.81,Kolhapur
20190820,26.55,21.13,0.21,91.23,2.78,Kolhapur
20190821,26.9,21.31,1.86,89.93,3.81,Kolhapur
20190822,26.91,21.44,5.54,89.66,3.51,Kolhapur
20190823,26.97,21.14,7.05,90.78,3.82,Kolhapur
20190824,27.16,21.38,3.47,89.42,3.98,Kolhapur
20190825,26.5,20.84,0.67,88.97,3.58,Kolhapur
20190826,26.45,20.51,0.57,88.71,3.67,Kolhapur
20190827,27.1,20.74,0.83,88.95,3.69,Kolhapur
20190828,27.91,21.38,2.69,89.2,3.34,Kolhapur
20190829,27.74,21.34,9.85,89.21,3.23,Kolhapur
20190830,26.69,21.78,5.4,89.18,4.0,Kolhapur
20190831,26.7,22.21,14.58,91.58,4.24,Kolhapur
20190901,24.68,20.7,14.21,91.75,4.21,Kolhapur
20190902,26.82,20.95,14.26,90.81,4.52,Kolhapur
20190903,26.44,22.08,16.17,91.55,4.72,Kolhapur
20190904,24.94,21.4,22.67,93.76,5.26,Kolhapur
20190905,24.77,22.12,20.35,93.85,5.9,Kolhapur
20190906,26.64,22.46,30.86,91.61,6.21,Kolhapur
20190907,26.05,22.43,37.66,91.87,5.72,Kolhapur
20190908,26.46,21.34,17.04,91.72,5.6,Kolhapur
20190909,26.9,22.1,6.16,90.78,5.27,Kolhapur
20190910,27.09,21.99,2.61,90.66,4.79,Kolhapur
20190911,25.67,21.46,1.74,91.92,4.03,Kolhapur
20190912,25.89,21.51,2.46,92.19,4.03,Kolhapur
20190913,25.17,21.9,4.42,93.42,3.98,Kolhapur
20190914,27.11,21.77,3.89,90.82,3.7,Kolhapur
20190915,27.02,21.43,4.26,90.18,3.04,Kolhapur
20190916,27.49,20.37,3.8,89.78,3.12,Kolhapur
20190917,27.18,21.19,1.2,89.46,2.98,Kolhapur
20190918,26.08,21.38,7.93,93.33,2.32,Kolhapur
20190919,26.04,20.99,7.81,92.69,3.59,Kolhapur
20190920,27.14,20.23,1.01,89.67,2.91,Kolhapur
20190921,27.93,19.53,2.41,89.15,2.63,Kolhapur
20190922,28.75,20.78,0.85,88.65,1.95,Kolhapur
20190923,28.48,20.39,5.33,87.85,1.68,Kolhapur
20190924,28.03,21.06,30.12,89.66,1.8,Kolhapur
20190925,26.31,22.16,23.97,94.3,3.09,Kolhapur
20190926,25.99,21.26,10.52,91.91,3.24,Kolhapur
20190927,26.39,20.76,2.49,91.3,2.33,Kolhapur
20190928,27.76,20.27,0.43,89.49,1.98,Kolhapur
20190929,27.98,19.9,0.09,88.03,1.79,Kolhapur
20190930,27.14,20.98,7.61,88.27,1.18,Kolhapur
20191001,27.9,20.52,3.36,87.72,1.63,Kolhapur
20191002,28.85,20.3,0.3,86.32,1.36,Kolhapur
20191003,28.54,20.73,4.57,85.28,0.9,Kolhapur
20191004,27.04,20.99,7.68,89.61,1.2,Kolhapur
20191005,28.25,20.93,18.78,84.97,0.83,Kolhapur
20191006,25.86,20.98,2.51,88.54,1.28,Kolhapur
20191007,28.11,20.14,1.31,86.57,1.22,Kolhapur
20191008,28.75,20.21,3.72,84.39,1.37,Kolhapur
20191009,27.05,20.98,5.57,89.18,1.15,Kolhapur
20191010,27.88,20.69,7.45,86.82,0.84,Kolhapur
20191011,28.28,21.08,1.37,85.88,0.84,Kolhapur
20191012,27.62,20.82,1.12,87.42,1.14,Kolhapur
20191013,28.08,21.49,4.52,89.26,1.03,Kolhapur
20191014,27.97,20.95,0.25,87.44,2.38,Kolhapur
20191015,25.59,20.23,0.4,89.13,2.61,Kolhapur
20191016,27.83,20.78,3.68,88.62,2.1,Kolhapur
20191017,27.84,20.48,1.16,86.07,2.04,Kolhapur
20191018,26.87,20.06,9.41,89.24,2.38,Kolhapur
20191019,24.64,21.36,35.28,93.65,2.36,Kolhapur
20191020,25.97,20.58,42.5,92.07,1.96,Kolhapur
20191021,24.38,21.02,25.98,92.66,1.88,Kolhapur
20191022,26.37,20.13,16.0,92.64,1.83,Kolhapur
20191023,25.47,20.59,6.27,91.9,2.1,Kolhapur
20191024,25.46,20.66,22.46,91.23,2.97,Kolhapur
20191025,27.31,20.61,27.38,90.93,4.33,Kolhapur
20191026,26.38,19.13,8.18,91.06,3.63,Kolhapur
20191027,26.26,18.06,0.48,89.31,1.95,Kolhapur
20191028,27.8,18.48,2.32,87.67,1.27,Kolhapur
20191029,28.04,20.0,0.46,87.16,2.04,Kolhapur
20191030,27.42,20.33,0.56,87.53,3.08,Kolhapur
20191031,26.02,20.12,1.71,86.71,3.66,Kolhapur
20191101,26.62,19.52,2.23,90.39,2.97,Kolhapur
20191102,27.51,17.99,0.3,88.66,1.69,Kolhapur
20191103,28.57,19.61,0.27,88.37,1.0,Kolhapur
20191104,28.94,20.36,3.04,84.43,1.28,Kolhapur
20191105,28.71,19.96,1.48,84.25,1.05,Kolhapur
20191106,28.28,20.78,1.37,86.51,1.25,Kolhapur
20191107,27.61,19.78,0.44,88.49,1.28,Kolhapur
20191108,27.96,18.44,0.16,87.09,1.35,Kolhapur
20191109,28.52,16.47,0.0,80.98,0.97,Kolhapur
20191110,28.43,16.16,0.0,80.68,1.15,Kolhapur
20191111,27.98,17.15,0.0,77.28,1.59,Kolhapur
20191112,27.49,16.9,0.0,81.84,1.84,Kolhapur
20191113,26.57,18.04,0.0,84.97,2.58,Kolhapur
20191114,26.79,16.58,0.08,85.64,2.48,Kolhapur
20191115,26.46,18.07,0.01,87.73,1.97,Kolhapur
20191116,27.42,19.31,0.0,87.13,2.29,Kolhapur
20191117,27.69,19.66,0.0,85.4,2.51,Kolhapur
20191118,27.27,17.16,0.0,81.48,2.63,Kolhapur
20191119,27.64,15.95,0.0,83.22,2.39,Kolhapur
20191120,27.8,16.86,0.0,83.5,2.03,Kolhapur
20191121,27.24,17.88,0.0,83.08,2.57,Kolhapur
20191122,26.45,15.72,0.0,77.85,2.63,Kolhapur
20191123,26.76,15.06,0.0,78.06,2.47,Kolhapur
20191124,26.3,14.87,0.0,77.22,2.47,Kolhapur
20191125,27.0,14.72,0.0,74.85,2.21,Kolhapur
20191126,26.53,15.22,0.0,78.67,2.61,Kolhapur
20191127,27.35,15.61,0.0,82.09,2.63,Kolhapur
20191128,27.69,17.51,0.0,83.46,2.73,Kolhapur
20191129,28.13,19.08,0.0,82.69,2.38,Kolhapur
20191130,26.58,17.74,0.0,82.86,2.67,Kolhapur
20191201,27.09,18.62,0.0,86.43,2.96,Kolhapur
20191202,27.01,19.69,1.23,85.88,3.21,Kolhapur
20191203,22.13,19.58,1.56,88.46,3.32,Kolhapur
20191204,25.45,18.59,0.03,85.16,2.86,Kolhapur
20191205,27.13,18.0,0.0,82.11,3.23,Kolhapur
20191206,26.47,16.52,0.0,81.38,3.04,Kolhapur
20191207,26.11,15.49,0.0,77.9,2.67,Kolhapur
20191208,26.73,16.63,0.0,81.92,1.98,Kolhapur
20191209,27.19,18.65,0.0,81.93,1.98,Kolhapur
20191210,27.12,17.29,0.0,80.78,2.09,Kolhapur
20191211,27.53,16.91,0.0,73.9,1.43,Kolhapur
20191212,27.36,16.55,0.0,77.13,1.44,Kolhapur
20191213,27.72,16.6,0.0,79.76,0.92,Kolhapur
20191214,27.88,16.51,0.0,74.31,1.32,Kolhapur
20191215,27.86,16.65,0.0,75.81,1.44,Kolhapur
20191216,27.52,17.05,0.0,76.95,1.91,Kolhapur
20191217,27.46,16.75,0.0,78.3,2.64,Kolhapur
20191218,27.14,15.86,0.0,77.12,2.8,Kolhapur
20191219,27.48,15.66,0.0,75.49,2.68,Kolhapur
20191220,27.45,15.85,0.0,74.15,2.11,Kolhapur
20191221,27.9,16.36,0.0,74.34,1.78,Kolhapur
20191222,28.29,16.8,0.0,75.4,2.03,Kolhapur
20191223,27.89,17.67,0.0,74.93,1.69,Kolhapur
20191224,28.21,17.27,0.0,73.44,1.82,Kolhapur
20191225,28.88,16.86,0.0,74.15,1.71,Kolhapur
20191226,29.09,18.01,0.01,79.1,1.45,Kolhapur
20191227,29.14,18.24,0.0,79.66,1.27,Kolhapur
20191228,28.45,18.61,0.0,77.32,2.11,Kolhapur
20191229,28.28,18.3,0.0,76.47,1.96,Kolhapur
20191230,28.01,17.37,0.0,79.9,1.63,Kolhapur
20191231,28.04,16.29,0.0,76.38,1.19,Kolhapur
20200101,29.0,14.28,0.0,77.07,1.76,Kolhapur
20200102,28.88,15.31,0.0,74.89,1.35,Kolhapur
20200103,27.85,14.07,0.0,74.62,1.5,Kolhapur
20200104,26.93,13.62,0.0,68.78,1.36,Kolhapur
20200105,28.35,11.58,0.0,70.9,2.13,Kolhapur
20200106,29.51,16.2,0.0,71.3,2.73,Kolhapur
20200107,29.95,18.65,0.0,76.34,2.26,Kolhapur
20200108,28.97,18.22,0.0,81.25,1.73,Kolhapur
20200109,29.54,16.51,0.0,76.65,1.57,Kolhapur
20200110,29.5,16.1,0.0,73.1,2.43,Kolhapur
20200111,29.24,17.67,0.0,69.43,2.72,Kolhapur
20200112,28.57,14.69,0.0,63.07,2.28,Kolhapur
20200113,29.37,15.39,0.0,65.48,1.17,Kolhapur
20200114,29.23,15.54,0.0,73.97,1.14,Kolhapur
20200115,29.96,15.49,0.0,73.43,1.93,Kolhapur
20200116,27.43,14.53,0.0,74.46,1.68,Kolhapur
20200117,28.61,11.57,0.0,67.0,1.5,Kolhapur
20200118,30.39,12.75,0.08,66.36,1.81,Kolhapur
20200119,30.58,14.63,0.0,65.82,1.12,Kolhapur
20200120,31.68,15.92,0.0,64.91,1.57,Kolhapur
20200121,31.44,17.26,0.0,65.89,1.28,Kolhapur
20200122,31.66,16.31,0.0,55.29,2.56,Kolhapur
20200123,31.73,15.48,0.0,53.59,2.78,Kolhapur
20200124,32.12,14.96,0.0,50.04,2.42,Kolhapur
20200125,33.09,15.41,0.0,48.18,1.46,Kolhapur
20200126,32.81,15.79,0.0,52.23,1.15,Kolhapur
20200127,32.81,17.69,0.0,60.23,2.02,Kolhapur
20200128,29.01,16.22,0.0,74.4,2.54,Kolhapur
20200129,29.95,15.4,0.0,69.75,1.87,Kolhapur
20200130,32.0,13.14,0.0,57.41,1.85,Kolhapur
20200131,31.92,12.88,0.0,54.46,2.01,Kolhapur
20200201,31.1,12.83,0.0,54.64,1.97,Kolhapur
20200202,31.8,12.54,0.0,59.64,1.97,Kolhapur
20200203,31.57,16.64,0.0,61.72,1.79,Kolhapur
20200204,31.98,16.88,0.0,65.94,1.77,Kolhapur
20200205,32.9,16.47,0.0,58.16,2.25,Kolhapur
20200206,31.16,15.68,0.0,61.4,2.46,Kolhapur
20200207,29.61,13.38,0.0,64.14,2.38,Kolhapur
20200208,29.71,12.16,0.0,54.66,1.74,Kolhapur
20200209,31.46,15.11,0.0,62.83,2.42,Kolhapur
20200210,31.6,18.42,0.0,61.54,2.34,Kolhapur
20200211,31.9,18.57,0.0,55.38,2.72,Kolhapur
20200212,32.82,18.8,0.0,52.87,2.91,Kolhapur
20200213,33.04,17.96,0.0,48.0,2.57,Kolhapur
20200214,33.95,16.48,0.0,39.55,1.73,Kolhapur
20200215,35.2,17.18,0.0,44.9,1.22,Kolhapur
20200216,35.8,16.31,0.0,39.63,1.66,Kolhapur
20200217,35.62,16.3,0.0,36.65,1.94,Kolhapur
20200218,34.84,17.74,0.0,34.95,2.46,Kolhapur
20200219,35.49,17.39,0.0,40.56,0.88,Kolhapur
20200220,35.43,17.93,0.0,47.43,1.65,Kolhapur
20200221,34.89,17.65,0.0,43.86,1.22,Kolhapur
20200222,35.46,17.53,0.0,34.03,2.72,Kolhapur
20200223,35.71,17.54,0.0,34.44,2.31,Kolhapur
20200224,36.35,17.72,0.0,37.4,1.8,Kolhapur
20200225,35.88,18.03,0.0,36.25,1.52,Kolhapur
20200226,35.06,17.19,0.0,30.93,2.54,Kolhapur
20200227,35.3,17.09,0.0,26.04,2.59,Kolhapur
20200228,36.13,18.03,0.0,31.26,2.08,Kolhapur
20200229,33.63,21.83,0.62,43.13,1.59,Kolhapur
20200301,33.83,21.85,2.81,49.55,1.08,Kolhapur
20200302,34.99,19.78,0.19,49.79,1.8,Kolhapur
20200303,34.12,19.33,0.02,49.18,2.89,Kolhapur
20200304,33.64,15.76,0.0,56.31,3.02,Kolhapur
20200305,33.62,15.59,0.0,59.69,2.56,Kolhapur
20200306,32.16,16.56,0.0,61.36,2.96,Kolhapur
20200307,33.23,15.71,0.0,59.85,2.61,Kolhapur
20200308,35.03,17.19,0.0,54.17,2.58,Kolhapur
20200309,34.56,17.24,0.0,54.74,2.52,Kolhapur
20200310,36.14,17.68,0.0,54.96,2.88,Kolhapur
20200311,34.76,18.06,0.0,61.13,3.07,Kolhapur
20200312,34.88,15.7,0.0,56.78,2.69,Kolhapur
20200313,35.32,16.67,0.0,56.44,2.83,Kolhapur
20200314,37.88,16.04,0.0,35.92,2.42,Kolhapur
20200315,38.76,18.09,0.0,26.17,1.76,Kolhapur
20200316,38.92,21.22,0.02,33.68,2.5,Kolhapur
20200317,39.18,23.09,0.0,36.17,2.57,Kolhapur
20200318,38.5,23.87,1.36,34.14,2.35,Kolhapur
20200319,38.04,22.41,0.18,31.53,2.44,Kolhapur
20200320,36.92,19.18,0.0,35.41,3.07,Kolhapur
20200321,37.73,16.67,0.0,41.97,2.51,Kolhapur
20200322,38.45,18.06,0.0,39.19,2.16,Kolhapur
20200323,39.26,19.31,0.0,47.07,2.03,Kolhapur
20200324,39.03,20.11,0.99,49.91,1.6,Kolhapur
20200325,36.41,24.45,4.57,50.84,2.0,Kolhapur
20200326,38.07,22.2,0.37,50.1,2.06,Kolhapur
20200327,38.53,22.45,0.03,48.64,1.58,Kolhapur
20200328,39.2,21.63,0.0,42.03,1.82,Kolhapur
20200329,39.62,21.86,0.0,41.37,2.3,Kolhapur
20200330,39.44,22.74,0.0,40.37,1.37,Kolhapur
20200331,40.24,22.34,0.0,41.14,2.02,Kolhapur
20200401,40.21,21.87,0.0,39.55,1.87,Kolhapur
20200402,40.66,22.99,0.0,39.02,2.82,Kolhapur
20200403,40.65,23.55,0.0,42.7,2.77,Kolhapur
20200404,38.89,24.98,0.35,40.35,2.05,Kolhapur
20200405,37.27,23.9,7.03,44.38,1.96,Kolhapur
20200406,37.24,21.67,4.69,54.74,1.75,Kolhapur
20200407,37.31,20.99,1.42,52.01,1.78,Kolhapur
20200408,37.25,19.42,0.01,44.25,2.15,Kolhapur
20200409,37.61,18.41,1.42,45.77,1.64,Kolhapur
20200410,38.12,19.57,3.05,48.71,1.78,Kolhapur
20200411,37.21,22.07,0.25,51.16,2.44,Kolhapur
20200412,39.27,24.69,0.03,42.67,1.55,Kolhapur
20200413,38.69,25.39,0.11,41.48,1.7,Kolhapur
20200414,39.14,25.47,0.05,38.68,2.24,Kolhapur
20200415,40.16,24.23,0.07,38.74,2.17,Kolhapur
20200416,39.14,24.38,2.84,51.55,1.82,Kolhapur
20200417,38.19,23.29,1.07,51.4,1.7,Kolhapur
20200418,37.28,24.09,9.21,55.72,1.89,Kolhapur
20200419,38.31,23.35,0.65,56.59,1.57,Kolhapur
20200420,39.05,23.53,0.04,50.44,2.2,Kolhapur
20200421,38.84,23.38,1.48,51.25,1.6,Kolhapur
20200422,39.88,21.28,0.05,44.44,2.3,Kolhapur
20200423,40.03,21.9,0.0,53.07,3.3,Kolhapur
20200424,40.8,22.23,0.0,52.43,3.44,Kolhapur
20200425,38.55,23.26,0.0,51.49,3.53,Kolhapur
20200426,40.66,20.93,0.0,40.44,2.74,Kolhapur
20200427,39.65,21.71,0.0,51.06,3.28,Kolhapur
20200428,40.98,21.83,0.0,51.84,2.48,Kolhapur
20200429,38.09,24.99,0.12,52.18,2.18,Kolhapur
20200430,36.79,24.16,2.98,57.19,2.23,Kolhapur
20200501,38.6,23.37,1.78,58.34,2.8,Kolhapur
20200502,40.2,23.85,0.02,55.8,2.78,Kolhapur
20200503,40.99,24.48,0.18,49.89,2.92,Kolhapur
20200504,41.77,23.82,0.03,45.48,3.19,Kolhapur
20200505,42.3,22.06,0.01,44.71,2.9,Kolhapur
20200506,42.03,25.84,0.06,43.26,2.98,Kolhapur
20200507,41.41,24.48,0.02,49.68,3.11,Kolhapur
20200508,40.24,23.57,0.0,50.98,2.52,Kolhapur
20200509,41.39,22.63,0.0,46.15,1.76,Kolhapur
20200510,37.36,24.74,0.75,50.79,2.2,Kolhapur
20200511,39.33,23.43,0.45,50.51,2.42,Kolhapur
20200512,41.1,24.42,3.14,43.48,2.0,Kolhapur
20200513,37.12,25.17,2.31,50.63,1.63,Kolhapur
20200514,39.05,25.38,3.12,52.59,1.62,Kolhapur
20200515,36.08,24.67,7.4,63.21,2.11,Kolhapur
20200516,35.92,23.79,0.3,59.55,2.42,Kolhapur
20200517,31.21,24.69,0.03,67.74,1.99,Kolhapur
20200518,34.55,24.16,0.04,61.08,3.91,Kolhapur
20200519,35.44,23.46,5.44,65.62,4.16,Kolhapur
20200520,37.09,22.77,3.11,64.05,3.59,Kolhapur
20200521,38.33,23.41,0.0,61.64,3.68,Kolhapur
20200522,38.78,23.44,0.0,59.99,3.37,Kolhapur
20200523,41.27,22.95,0.0,55.03,3.43,Kolhapur
20200524,41.29,23.41,0.0,56.07,3.39,Kolhapur
20200525,40.81,24.58,0.11,58.18,3.42,Kolhapur
20200526,37.81,25.07,0.22,61.25,3.79,Kolhapur
20200527,38.87,24.04,0.0,56.51,4.02,Kolhapur
20200528,39.36,23.8,0.0,56.98,4.8,Kolhapur
20200529,38.58,24.16,0.0,58.34,4.55,Kolhapur
20200530,35.81,25.11,0.0,57.17,2.8,Kolhapur
20200531,30.79,25.07,13.98,72.19,1.92,Kolhapur
20200601,28.18,23.67,29.75,80.08,1.96,Kolhapur
20200602,30.04,22.68,22.84,81.82,3.3,Kolhapur
20200603,28.82,23.08,28.96,83.29,6.63,Kolhapur
20200604,29.27,22.21,13.09,81.15,5.38,Kolhapur
20200605,30.54,21.51,5.38,79.07,3.89,Kolhapur
20200606,30.55,21.64,3.1,78.53,4.16,Kolhapur
20200607,30.78,22.05,2.99,79.45,3.8,Kolhapur
20200608,29.99,21.94,6.44,79.85,3.94,Kolhapur
20200609,30.82,21.57,2.11,75.81,3.82,Kolhapur
20200610,31.44,21.39,3.68,77.88,4.01,Kolhapur
20200611,28.42,22.06,3.09,85.26,3.87,Kolhapur
20200612,26.97,21.81,28.83,87.18,4.4,Kolhapur
20200613,27.47,21.41,11.72,85.63,4.97,Kolhapur
20200614,29.0,22.01,6.72,82.73,5.73,Kolhapur
20200615,29.38,22.73,10.82,84.74,5.46,Kolhapur
20200616,28.19,23.31,44.8,90.57,5.05,Kolhapur
20200617,27.87,23.23,43.33,89.84,4.58,Kolhapur
20200618,26.67,23.04,23.48,90.24,4.76,Kolhapur
20200619,28.02,22.76,17.0,88.83,4.13,Kolhapur
20200620,28.73,22.66,1.42,86.18,3.85,Kolhapur
20200621,27.63,22.81,1.01,87.38,3.74,Kolhapur
20200622,26.94,22.88,2.46,87.94,4.06,Kolhapur
20200623,27.73,21.41,5.55,84.38,3.33,Kolhapur
20200624,28.84,20.56,1.96,84.4,2.91,Kolhapur
20200625,30.95,21.5,7.28,83.03,2.26,Kolhapur
20200626,30.21,21.96,3.99,84.25,2.61,Kolhapur
20200627,29.51,21.76,1.41,85.65,2.29,Kolhapur
20200628,27.33,22.99,8.67,89.69,2.14,Kolhapur
20200629,28.78,22.41,12.6,89.23,3.37,Kolhapur
20200630,27.21,22.15,8.17,88.76,3.53,Kolhapur
20200701,27.07,22.01,10.46,87.73,4.14,Kolhapur
20200702,25.96,21.78,20.22,89.81,5.0,Kolhapur
20200703,26.55,22.08,17.66,88.68,5.81,Kolhapur
20200704,26.69,22.1,19.96,89.56,5.58,Kolhapur
20200705,27.34,21.59,8.91,87.98,6.08,Kolhapur
20200706,26.52,22.38,7.06,89.8,5.92,Kolhapur
20200707,27.41,22.08,30.77,87.75,6.33,Kolhapur
20200708,26.64,21.79,14.14,89.33,4.76,Kolhapur
20200709,27.59,21.76,15.57,89.34,4.1,Kolhapur
20200710,27.08,22.11,21.88,89.37,4.49,Kolhapur
20200711,25.61,21.35,21.06,89.64,3.97,Kolhapur
20200712,26.43,20.58,9.01,88.91,3.63,Kolhapur
20200713,27.76,21.09,5.11,89.51,3.74,Kolhapur
20200714,26.02,22.31,16.72,92.03,3.86,Kolhapur
20200715,24.21,22.28,23.57,92.51,5.17,Kolhapur
20200716,25.14,21.66,22.38,91.65,5.09,Kolhapur
20200717,26.61,21.45,25.47,90.54,5.14,Kolhapur
20200718,27.59,22.06,21.27,89.97,4.12,Kolhapur
20200719,28.05,21.77,8.32,90.33,3.27,Kolhapur
20200720,27.52,22.02,6.12,89.31,2.64,Kolhapur
20200721,28.3,21.1,3.58,87.02,1.39,Kolhapur
20200722,28.05,21.63,0.8,88.67,1.68,Kolhapur
20200723,27.29,22.05,1.2,89.44,1.28,Kolhapur
20200724,28.15,21.62,6.88,86.27,1.95,Kolhapur
20200725,26.85,20.86,4.29,87.3,1.65,Kolhapur
20200726,27.76,20.74,5.4,88.64,3.5,Kolhapur
20200727,27.05,21.09,3.22,88.83,3.38,Kolhapur
20200728,26.34,21.6,5.25,90.45,2.83,Kolhapur
20200729,26.93,21.67,3.77,90.86,2.93,Kolhapur
20200730,28.08,21.69,10.64,89.26,2.96,Kolhapur
20200731,28.65,21.27,6.84,89.47,2.92,Kolhapur
20200801,25.9,21.67,5.12,91.98,2.83,Kolhapur
20200802,27.81,21.87,7.51,89.66,5.67,Kolhapur
20200803,25.83,22.05,24.68,92.46,6.35,Kolhapur
20200804,24.57,22.42,58.13,94.12,7.09,Kolhapur
20200805,24.94,23.04,98.05,94.82,7.52,Kolhapur
20200806,26.79,23.09,29.85,91.95,7.15,Kolhapur
20200807,26.99,23.0,16.59,91.21,6.61,Kolhapur
20200808,26.58,22.55,7.79,90.71,5.47,Kolhapur
20200809,26.39,22.34,5.31,91.48,5.16,Kolhapur
20200810,25.63,22.53,33.89,92.98,4.77,Kolhapur
20200811,26.61,21.94,11.63,91.35,5.04,Kolhapur
20200812,26.52,21.95,6.0,91.47,5.21,Kolhapur
20200813,24.51,22.13,16.18,94.37,5.07,Kolhapur
20200814,24.56,22.11,14.12,94.24,5.41,Kolhapur
20200815,24.26,22.47,40.17,95.08,5.48,Kolhapur
20200816,25.26,22.19,58.73,94.68,5.08,Kolhapur
20200817,24.78,22.14,30.78,94.89,4.76,Kolhapur
20200818,26.49,21.7,11.52,91.83,4.7,Kolhapur
20200819,27.09,21.68,6.48,91.43,4.44,Kolhapur
20200820,25.16,21.44,15.75,93.7,5.04,Kolhapur
20200821,25.64,21.74,13.62,92.66,5.1,Kolhapur
20200822,26.58,22.23,7.42,91.65,4.57,Kolhapur
20200823,27.27,21.59,5.5,91.01,4.15,Kolhapur
20200824,27.86,21.63,3.55,90.35,3.84,Kolhapur
20200825,27.51,21.4,0.79,90.38,3.2,Kolhapur
20200826,27.19,20.83,1.11,90.07,2.66,Kolhapur
20200827,27.12,20.57,6.35,90.05,3.54,Kolhapur
20200828,27.19,20.53,6.19,90.13,3.25,Kolhapur
20200829,26.6,21.41,7.82,92.32,3.27,Kolhapur
20200830,26.11,21.64,6.68,92.2,3.13,Kolhapur
20200831,27.09,21.16,1.43,91.0,2.88,Kolhapur
20200901,27.48,20.99,0.25,89.83,2.43,Kolhapur
20200902,24.48,21.39,11.57,94.52,2.07,Kolhapur
20200903,29.03,21.54,9.44,85.14,1.3,Kolhapur
20200904,29.3,21.85,1.02,87.97,1.82,Kolhapur
20200905,30.39,22.79,0.18,82.72,1.13,Kolhapur
20200906,29.59,20.79,5.79,79.22,1.56,Kolhapur
20200907,30.36,21.48,36.54,84.22,1.1,Kolhapur
20200908,27.68,22.15,18.81,90.89,1.66,Kolhapur
20200909,28.92,21.47,22.41,87.84,1.32,Kolhapur
20200910,28.52,21.62,6.1,89.64,2.08,Kolhapur
20200911,27.23,22.23,11.28,92.76,2.93,Kolhapur
20200912,27.16,21.42,13.4,91.77,3.93,Kolhapur
20200913,26.86,20.83,9.0,90.95,3.93,Kolhapur
20200914,24.5,20.5,7.22,92.52,3.1,Kolhapur
20200915,26.98,20.34,4.34,91.11,2.67,Kolhapur
20200916,27.0,20.95,12.6,91.46,2.69,Kolhapur
20200917,26.39,21.54,2.33,92.33,2.95,Kolhapur
20200918,25.66,20.99,8.39,92.38,2.94,Kolhapur
20200919,25.71,21.14,9.49,92.26,3.46,Kolhapur
20200920,24.82,21.02,17.35,93.82,2.8,Kolhapur
20200921,26.2,21.9,28.99,93.06,4.88,Kolhapur
20200922,24.35,20.59,21.5,93.25,5.42,Kolhapur
20200923,25.81,20.49,8.16,91.6,5.24,Kolhapur
20200924,27.01,20.82,4.02,93.42,3.51,Kolhapur
20200925,27.29,21.18,9.17,91.77,2.7,Kolhapur
20200926,25.69,21.27,8.67,92.22,2.71,Kolhapur
20200927,26.65,20.42,2.0,89.35,1.94,Kolhapur
20200928,27.9,19.91,0.46,88.41,1.72,Kolhapur
20200929,27.3,20.63,0.16,89.49,2.37,Kolhapur
20200930,27.28,20.13,1.88,89.6,2.31,Kolhapur
20201001,26.91,20.7,1.29,89.64,2.16,Kolhapur
20201002,27.7,20.6,9.29,89.53,1.78,Kolhapur
20201003,28.41,21.29,3.84,88.18,1.42,Kolhapur
20201004,25.94,19.73,1.03,89.59,3.64,Kolhapur
20201005,27.2,19.48,1.76,89.0,2.54,Kolhapur
20201006,28.41,21.42,0.48,89.57,1.52,Kolhapur
20201007,28.9,20.39,0.06,84.2,1.5,Kolhapur
20201008,29.37,18.71,0.0,78.11,1.34,Kolhapur
20201009,29.39,20.63,1.03,86.12,1.11,Kolhapur
20201010,26.38,22.09,13.67,93.31,1.64,Kolhapur
20201011,24.38,21.55,25.41,93.38,1.97,Kolhapur
20201012,25.26,20.6,11.9,93.58,1.34,Kolhapur
20201013,27.26,21.2,26.09,89.68,0.87,Kolhapur
20201014,25.13,22.0,68.01,95.41,3.43,Kolhapur
20201015,25.89,21.27,27.21,93.9,5.43,Kolhapur
20201016,27.08,20.28,9.48,90.95,3.23,Kolhapur
20201017,26.99,19.4,0.22,90.09,2.05,Kolhapur
20201018,26.49,19.49,0.11,89.29,1.32,Kolhapur
20201019,26.74,20.37,4.34,92.32,1.82,Kolhapur
20201020,28.09,20.81,25.73,89.49,1.04,Kolhapur
20201021,27.81,21.63,8.55,88.52,0.98,Kolhapur
20201022,28.2,21.54,1.74,88.37,1.65,Kolhapur
20201023,27.71,20.89,1.69,90.08,1.76,Kolhapur
20201024,27.98,20.66,0.55,88.73,1.38,Kolhapur
20201025,28.06,20.89,3.79,87.11,1.07,Kolhapur
20201026,27.83,21.33,2.15,88.94,0.91,Kolhapur
20201027,27.2,20.72,2.47,85.41,2.07,Kolhapur
20201028,27.01,18.99,2.51,85.42,1.55,Kolhapur
20201029,27.47,17.13,0.96,77.37,1.58,Kolhapur
20201030,28.02,16.54,0.02,76.79,1.38,Kolhapur
20201031,27.87,19.63,0.0,81.92,1.09,Kolhapur
20201101,28.15,19.1,0.0,79.22,1.07,Kolhapur
20201102,28.07,18.13,0.0,78.99,1.82,Kolhapur
20201103,28.09,17.62,0.0,81.88,2.6,Kolhapur
20201104,27.87,16.67,0.0,77.64,2.34,Kolhapur
20201105,26.92,16.08,0.0,75.22,2.29,Kolhapur
20201106,27.2,14.95,0.0,74.06,2.29,Kolhapur
20201107,27.84,16.9,0.0,86.63,2.63,Kolhapur
20201108,27.74,20.26,0.0,87.38,2.42,Kolhapur
20201109,26.91,15.28,0.0,80.31,2.15,Kolhapur
20201110,25.17,13.28,0.0,75.62,2.54,Kolhapur
20201111,25.25,13.56,0.0,78.67,2.75,Kolhapur
20201112,27.49,14.23,0.0,84.96,2.82,Kolhapur
20201113,27.94,19.77,0.0,87.07,2.88,Kolhapur
20201114,27.55,19.2,0.0,84.91,2.72,Kolhapur
20201115,27.9,17.89,0.0,83.02,2.71,Kolhapur
20201116,28.15,19.12,0.04,87.31,3.0,Kolhapur
20201117,28.24,20.71,0.01,86.65,3.0,Kolhapur
20201118,27.85,20.57,0.0,87.11,2.31,Kolhapur
20201119,27.85,20.35,0.0,85.75,2.27,Kolhapur
20201120,28.33,20.03,0.0,81.39,1.8,Kolhapur
20201121,27.74,18.26,0.0,78.32,0.86,Kolhapur
20201122,27.41,18.47,0.0,82.68,1.14,Kolhapur
20201123,27.35,18.41,0.0,85.2,2.01,Kolhapur
20201124,27.13,17.59,0.0,80.34,1.93,Kolhapur
20201125,27.5,15.82,0.0,79.11,2.53,Kolhapur
20201126,27.4,18.25,0.0,84.46,2.77,Kolhapur
20201127,26.71,18.04,0.08,82.27,3.56,Kolhapur
20201128,26.6,17.13,0.21,86.17,3.75,Kolhapur
20201129,27.24,18.88,0.01,85.47,2.62,Kolhapur
20201130,28.33,19.06,0.0,83.35,2.32,Kolhapur
20201201,27.78,17.46,0.0,81.56,2.28,Kolhapur
20201202,27.38,15.98,0.0,78.14,2.18,Kolhapur
20201203,27.5,15.1,0.0,75.25,2.09,Kolhapur
20201204,27.7,15.05,0.0,76.28,2.31,Kolhapur
20201205,27.57,15.75,0.0,77.7,2.34,Kolhapur
20201206,27.55,15.84,0.0,74.3,2.79,Kolhapur
20201207,28.55,15.26,0.0,75.61,2.94,Kolhapur
20201208,28.75,16.97,0.0,77.78,3.02,Kolhapur
20201209,27.43,17.26,0.0,80.12,2.47,Kolhapur
20201210,28.1,17.15,0.61,73.72,1.67,Kolhapur
20201211,28.16,17.37,0.41,77.73,0.98,Kolhapur
20201212,27.87,16.91,0.0,72.44,1.29,Kolhapur
20201213,28.17,15.2,0.01,73.68,1.41,Kolhapur
20201214,28.33,16.74,0.12,75.25,0.88,Kolhapur
20201215,28.12,16.43,0.02,73.5,1.8,Kolhapur
20201216,27.99,15.22,0.0,72.56,2.51,Kolhapur
20201217,28.29,16.37,0.0,75.73,2.46,Kolhapur
20201218,28.32,15.6,0.0,74.68,2.61,Kolhapur
20201219,25.55,16.59,0.0,74.48,3.17,Kolhapur
20201220,26.99,14.49,0.0,70.07,3.35,Kolhapur
20201221,26.95,12.31,0.0,65.52,2.87,Kolhapur
20201222,27.2,10.89,0.0,64.37,2.38,Kolhapur
20201223,27.45,11.81,0.0,63.32,1.94,Kolhapur
20201224,29.04,13.53,0.0,67.31,1.68,Kolhapur
20201225,28.93,14.89,0.0,69.96,2.42,Kolhapur
20201226,28.4,14.55,0.0,68.9,2.65,Kolhapur
20201227,29.2,13.75,0.0,67.98,1.76,Kolhapur
20201228,29.43,14.41,0.0,65.34,1.37,Kolhapur
20201229,29.21,13.69,0.0,64.78,1.34,Kolhapur
20201230,29.66,13.98,0.0,67.32,2.13,Kolhapur
20201231,30.06,16.82,0.0,72.83,2.95,Kolhapur
20210101,29.23,16.95,0.05,73.63,2.52,Kolhapur
20210102,26.4,17.18,0.0,75.4,2.48,Kolhapur
20210103,29.84,15.38,0.0,71.53,2.04,Kolhapur
20210104,23.12,16.71,5.34,82.63,1.94,Kolhapur
20210105,27.79,17.24,0.34,80.08,1.63,Kolhapur
20210106,28.17,19.23,1.0,83.0,1.38,Kolhapur
20210107,26.75,19.97,0.85,84.44,1.34,Kolhapur
20210108,25.77,19.86,1.25,84.03,1.9,Kolhapur
20210109,29.67,19.15,0.12,77.69,1.46,Kolhapur
20210110,30.4,19.44,0.02,71.61,2.03,Kolhapur
20210111,32.14,17.82,0.01,68.46,2.1,Kolhapur
20210112,29.02,17.33,0.0,67.68,2.25,Kolhapur
20210113,30.91,17.72,0.0,67.03,2.67,Kolhapur
20210114,31.14,16.59,0.0,62.33,1.81,Kolhapur
20210115,31.7,16.51,0.0,64.91,1.45,Kolhapur
20210116,31.83,17.86,0.0,66.31,1.06,Kolhapur
20210117,32.3,18.93,0.0,66.58,0.91,Kolhapur
20210118,32.31,18.91,0.0,64.15,1.39,Kolhapur
20210119,32.23,17.84,0.0,65.21,1.14,Kolhapur
20210120,32.56,17.36,0.0,61.41,0.95,Kolhapur
20210121,32.51,16.38,0.0,63.62,1.19,Kolhapur
20210122,33.06,15.52,0.0,57.4,1.14,Kolhapur
20210123,33.15,17.32,0.0,55.4,0.56,Kolhapur
20210124,33.37,18.21,0.0,54.04,0.74,Kolhapur
20210125,33.24,15.47,0.0,50.31,1.41,Kolhapur
20210126,32.81,15.18,0.0,48.9,1.05,Kolhapur
20210127,32.4,14.62,0.0,49.01,1.1,Kolhapur
20210128,32.01,15.83,0.0,51.39,0.99,Kolhapur
20210129,32.0,16.07,0.0,55.02,1.78,Kolhapur
20210130,32.72,16.99,0.0,51.84,1.17,Kolhapur
20210131,32.91,15.67,0.0,49.2,1.28,Kolhapur
20210201,31.9,16.64,0.0,48.96,2.75,Kolhapur
20210202,31.49,18.8,0.0,49.24,3.09,Kolhapur
20210203,31.82,15.44,0.0,43.3,2.12,Kolhapur
20210204,32.37,14.05,0.0,45.54,2.09,Kolhapur
20210205,31.37,15.76,0.0,53.49,1.94,Kolhapur
20210206,32.45,14.21,0.0,47.85,2.06,Kolhapur
20210207,31.75,15.07,0.0,40.98,3.28,Kolhapur
20210208,31.94,14.52,0.0,33.8,3.47,Kolhapur
20210209,32.91,13.86,0.0,35.44,2.73,Kolhapur
20210210,33.85,13.26,0.0,36.83,1.49,Kolhapur
20210211,33.98,14.11,0.0,37.31,1.42,Kolhapur
20210212,33.42,16.42,0.0,51.19,0.83,Kolhapur
20210213,33.43,16.15,0.0,48.25,1.75,Kolhapur
20210214,33.22,16.72,0.0,55.54,1.15,Kolhapur
20210215,33.05,16.57,0.0,58.83,1.64,Kolhapur
20210216,33.27,16.68,0.0,56.22,1.83,Kolhapur
20210217,32.48,17.41,0.38,63.24,1.91,Kolhapur
20210218,30.44,19.24,4.43,63.3,1.75,Kolhapur
20210219,30.69,17.38,0.51,54.91,3.36,Kolhapur
20210220,30.4,17.28,0.0,52.29,3.67,Kolhapur
20210221,31.03,17.13,1.27,54.75,3.39,Kolhapur
20210222,31.17,18.36,0.37,58.24,1.91,Kolhapur
20210223,33.82,19.13,0.0,48.36,1.36,Kolhapur
20210224,34.86,19.17,0.0,45.68,1.6,Kolhapur
20210225,35.72,19.62,0.0,48.65,1.49,Kolhapur
20210226,35.59,18.54,0.0,49.84,1.8,Kolhapur
20210227,36.27,18.05,0.0,39.87,1.58,Kolhapur
20210228,36.83,17.88,0.0,32.75,2.02,Kolhapur
20210301,37.11,19.95,0.0,43.71,1.46,Kolhapur
20210302,36.94,18.94,0.0,49.17,1.13,Kolhapur
20210303,36.99,18.93,0.0,30.93,2.42,Kolhapur
20210304,37.14,18.2,0.0,24.69,2.58,Kolhapur
20210305,37.2,16.68,0.0,34.33,1.7,Kolhapur
20210306,37.29,18.99,0.0,54.3,1.73,Kolhapur
20210307,37.81,18.61,0.0,39.67,1.06,Kolhapur
20210308,37.97,18.83,0.0,33.7,1.87,Kolhapur
20210309,37.65,19.21,0.0,41.0,2.0,Kolhapur
20210310,37.33,19.12,0.0,40.74,1.44,Kolhapur
20210311,37.28,20.65,0.0,39.47,1.58,Kolhapur
20210312,37.42,19.04,0.0,43.57,1.43,Kolhapur
20210313,37.79,19.44,0.0,35.86,1.18,Kolhapur
20210314,37.94,18.08,0.0,26.05,1.39,Kolhapur
20210315,38.15,18.47,0.0,32.1,1.88,Kolhapur
20210316,38.19,21.22,0.0,39.4,1.07,Kolhapur
20210317,37.9,20.99,0.0,36.85,1.42,Kolhapur
20210318,36.81,21.98,0.0,40.08,2.27,Kolhapur
20210319,37.11,23.12,0.0,35.48,1.9,Kolhapur
20210320,37.42,23.76,0.0,30.08,2.06,Kolhapur
20210321,37.64,22.02,0.38,41.63,2.09,Kolhapur
20210322,38.22,21.99,0.07,34.71,2.17,Kolhapur
20210323,38.77,23.6,0.05,35.4,2.1,Kolhapur
20210324,38.83,21.08,0.52,35.13,2.22,Kolhapur
20210325,36.41,24.3,0.06,35.93,1.69,Kolhapur
20210326,38.99,25.23,0.0,30.79,1.95,Kolhapur
20210327,39.92,23.55,0.0,33.66,2.03,Kolhapur
20210328,39.91,23.61,0.0,36.85,1.55,Kolhapur
20210329,40.52,19.98,0.0,44.91,2.29,Kolhapur
20210330,39.18,21.4,0.0,48.84,2.43,Kolhapur
20210331,39.88,19.53,0.0,34.23,2.85,Kolhapur
20210401,39.98,17.94,0.0,49.93,3.01,Kolhapur
20210402,38.45,20.7,0.0,50.72,3.3,Kolhapur
20210403,38.13,19.66,0.0,54.47,3.08,Kolhapur
20210404,39.67,18.68,0.0,49.69,2.95,Kolhapur
20210405,40.43,20.67,0.0,42.08,2.45,Kolhapur
20210406,40.43,21.28,0.0,34.8,2.45,Kolhapur
20210407,40.42,24.8,0.0,32.83,1.91,Kolhapur
20210408,39.19,23.04,0.0,40.08,2.18,Kolhapur
20210409,36.87,23.36,2.29,43.4,1.62,Kolhapur
20210410,38.16,24.46,0.54,39.82,1.85,Kolhapur
20210411,37.3,23.73,14.04,55.49,1.63,Kolhapur
20210412,35.55,22.97,0.72,58.71,1.55,Kolhapur
20210413,36.8,22.19,3.28,54.89,1.82,Kolhapur
20210414,35.55,22.56,3.61,59.96,1.39,Kolhapur
20210415,35.89,21.37,0.08,57.76,1.74,Kolhapur
20210416,37.35,20.55,0.01,55.73,1.97,Kolhapur
20210417,38.32,20.38,0.0,49.43,1.51,Kolhapur
20210418,38.82,22.5,0.35,49.12,1.84,Kolhapur
20210419,38.08,22.74,0.18,55.29,3.32,Kolhapur
20210420,38.34,21.69,0.0,50.12,3.28,Kolhapur
20210421,36.74,21.71,0.0,51.71,2.76,Kolhapur
20210422,34.53,22.5,0.07,45.99,1.86,Kolhapur
20210423,34.77,22.01,0.69,55.87,2.55,Kolhapur
20210424,39.08,20.53,0.06,48.58,1.75,Kolhapur
20210425,39.87,22.12,1.41,42.87,1.77,Kolhapur
20210426,37.69,23.34,2.69,50.08,1.82,Kolhapur
20210427,35.93,25.02,2.5,51.18,1.52,Kolhapur
20210428,38.02,22.72,0.17,49.47,1.69,Kolhapur
20210429,39.31,23.11,5.16,47.48,1.89,Kolhapur
20210430,37.02,23.27,3.99,56.2,1.05,Kolhapur
20210501,38.03,22.37,0.74,54.35,1.48,Kolhapur
20210502,36.66,23.82,2.58,55.32,1.16,Kolhapur
20210503,36.9,23.84,1.83,56.03,1.62,Kolhapur
20210504,35.47,23.81,2.38,57.31,1.57,Kolhapur
20210505,37.15,23.7,0.66,57.92,1.54,Kolhapur
20210506,34.64,25.08,2.71,61.52,1.47,Kolhapur
20210507,34.0,24.1,6.91,69.16,1.17,Kolhapur
20210508,36.16,23.82,1.53,62.97,1.7,Kolhapur
20210509,32.63,24.25,0.73,66.67,1.39,Kolhapur
20210510,36.54,23.35,0.23,61.39,1.97,Kolhapur
20210511,36.6,23.77,0.02,58.94,2.35,Kolhapur
20210512,30.15,24.45,0.0,64.21,2.1,Kolhapur
20210513,35.77,24.21,0.0,59.75,2.53,Kolhapur
20210514,32.69,24.09,2.55,64.03,1.95,Kolhapur
20210515,33.63,24.19,17.79,66.02,5.58,Kolhapur
20210516,31.47,23.25,71.88,78.97,7.95,Kolhapur
20210517,29.72,22.94,25.67,81.85,6.41,Kolhapur
20210518,29.02,23.21,6.92,85.13,4.46,Kolhapur
20210519,29.41,23.05,5.52,83.93,4.03,Kolhapur
20210520,29.79,23.17,1.47,80.87,3.29,Kolhapur
20210521,30.85,22.63,2.43,80.84,2.69,Kolhapur
20210522,30.84,22.92,0.79,78.88,3.01,Kolhapur
20210523,31.2,22.04,15.34,78.32,3.33,Kolhapur
20210524,31.4,21.44,9.9,79.22,2.96,Kolhapur
20210525,32.04,23.06,1.05,79.73,3.79,Kolhapur
20210526,31.49,22.85,0.04,79.12,4.37,Kolhapur
20210527,31.33,22.44,0.07,77.41,4.73,Kolhapur
20210528,31.54,22.64,0.1,78.74,3.8,Kolhapur
20210529,30.35,22.81,0.56,79.65,2.63,Kolhapur
20210530,30.86,21.69,1.04,80.95,3.09,Kolhapur
20210531,30.28,23.24,2.41,81.07,2.9,Kolhapur
20210601,31.41,22.99,0.6,79.92,2.82,Kolhapur
20210602,31.95,22.69,5.89,79.41,1.17,Kolhapur
20210603,29.19,23.67,35.91,87.06,1.69,Kolhapur
20210604,29.22,23.0,8.52,83.98,1.21,Kolhapur
20210605,28.82,22.2,13.43,81.95,2.37,Kolhapur
20210606,29.38,21.24,3.07,81.35,2.81,Kolhapur
20210607,29.49,21.37,2.04,82.77,3.42,Kolhapur
20210608,29.77,21.34,8.74,83.88,3.65,Kolhapur
20210609,28.23,22.73,8.61,85.1,4.71,Kolhapur
20210610,26.39,22.3,4.07,86.33,4.55,Kolhapur
20210611,28.78,21.72,7.91,84.12,5.12,Kolhapur
20210612,28.06,21.89,14.65,87.65,5.46,Kolhapur
20210613,26.72,21.66,19.06,88.23,5.47,Kolhapur
20210614,26.7,20.95,14.63,85.34,4.29,Kolhapur
20210615,27.64,21.84,13.38,84.81,5.57,Kolhapur
20210616,26.28,22.71,93.27,92.33,5.48,Kolhapur
20210617,27.28,22.94,59.86,90.21,6.21,Kolhapur
20210618,27.5,23.22,40.94,89.46,6.64,Kolhapur
20210619,26.72,23.21,38.73,91.11,5.73,Kolhapur
20210620,26.42,22.4,11.38,90.81,4.59,Kolhapur
20210621,27.0,21.85,1.99,89.91,3.54,Kolhapur
20210622,27.69,22.25,0.64,88.53,3.88,Kolhapur
20210623,26.62,22.18,2.33,90.46,3.69,Kolhapur
20210624,27.59,21.75,9.38,87.83,3.6,Kolhapur
20210625,27.17,21.52,3.86,88.12,3.7,Kolhapur
20210626,26.53,21.76,5.77,87.85,3.86,Kolhapur
20210627,24.72,21.25,3.35,90.56,2.87,Kolhapur
20210628,27.15,20.66,1.4,86.54,1.69,Kolhapur
20210629,28.81,20.82,0.86,87.37,2.53,Kolhapur
20210630,28.8,21.36,0.67,87.96,3.05,Kolhapur
20210701,26.69,22.38,0.93,90.69,3.04,Kolhapur
20210702,26.32,22.18,2.63,90.45,3.1,Kolhapur
20210703,26.96,21.96,4.8,89.97,3.11,Kolhapur
20210704,27.8,21.8,3.4,88.69,2.64,Kolhapur
20210705,26.71,21.98,4.15,88.94,2.42,Kolhapur
20210706,28.39,21.95,2.19,87.27,1.85,Kolhapur
20210707,26.97,22.42,3.77,89.68,2.52,Kolhapur
20210708,27.01,22.23,13.17,90.33,2.78,Kolhapur
20210709,26.79,20.89,23.87,88.52,2.87,Kolhapur
20210710,26.64,20.91,8.06,90.54,2.65,Kolhapur
20210711,24.54,21.04,15.5,92.96,4.45,Kolhapur
20210712,26.49,21.67,24.82,91.14,5.27,Kolhapur
20210713,24.91,21.13,22.03,90.25,4.46,Kolhapur
20210714,26.4,21.15,23.5,90.66,5.5,Kolhapur
20210715,26.15,22.55,22.9,92.18,5.03,Kolhapur
20210716,26.41,22.13,18.03,91.66,5.02,Kolhapur
20210717,27.85,21.78,20.11,90.78,4.67,Kolhapur
20210718,25.38,22.92,39.19,94.46,5.66,Kolhapur
20210719,25.65,22.25,27.68,92.61,5.59,Kolhapur
20210720,24.85,22.29,29.86,94.14,5.62,Kolhapur
20210721,24.72,22.2,74.45,93.72,6.11,Kolhapur
20210722,23.74,22.08,92.44,94.99,7.07,Kolhapur
20210723,24.54,22.13,148.03,94.58,5.98,Kolhapur
20210724,27.52,22.04,23.28,91.25,5.48,Kolhapur
20210725,26.1,22.56,17.28,92.96,5.66,Kolhapur
20210726,26.83,22.31,7.67,90.68,6.03,Kolhapur
20210727,26.72,21.7,7.38,89.96,6.06,Kolhapur
20210728,26.55,21.72,4.18,89.56,6.19,Kolhapur
20210729,26.01,21.68,3.92,91.25,6.12,Kolhapur
20210730,26.41,21.78,7.89,90.82,5.81,Kolhapur
20210731,26.6,21.68,6.23,90.02,5.89,Kolhapur
20210801,26.86,21.29,3.84,89.14,5.81,Kolhapur
20210802,26.88,21.07,4.7,88.68,5.31,Kolhapur
20210803,27.49,21.05,14.99,89.37,5.43,Kolhapur
20210804,27.0,22.13,13.9,90.66,5.66,Kolhapur
20210805,27.05,21.66,6.9,89.34,5.97,Kolhapur
20210806,27.42,21.52,5.0,89.44,5.22,Kolhapur
20210807,28.11,21.45,2.99,88.42,3.88,Kolhapur
20210808,28.33,21.77,0.76,88.91,2.98,Kolhapur
20210809,27.38,21.48,0.4,89.12,2.57,Kolhapur
20210810,26.96,21.34,0.97,89.23,2.83,Kolhapur
20210811,26.46,21.21,3.84,90.34,2.68,Kolhapur
20210812,27.81,21.45,7.08,88.65,3.42,Kolhapur
20210813,27.79,21.31,4.24,88.74,3.66,Kolhapur
20210814,27.87,21.32,6.18,88.47,4.19,Kolhapur
20210815,26.34,21.44,5.33,89.26,4.13,Kolhapur
20210816,26.49,21.67,5.6,90.15,3.01,Kolhapur
20210817,25.62,20.31,5.03,89.69,2.78,Kolhapur
20210818,26.59,19.9,3.5,87.77,3.59,Kolhapur
20210819,25.66,19.27,4.68,89.01,3.26,Kolhapur
20210820,24.56,20.1,2.46,89.94,3.13,Kolhapur
20210821,26.4,20.79,1.5,90.18,3.15,Kolhapur
20210822,27.73,19.63,0.9,87.73,1.95,Kolhapur
20210823,27.46,19.78,0.57,87.57,1.8,Kolhapur
20210824,28.16,20.24,0.75,87.71,2.11,Kolhapur
20210825,28.46,21.0,0.49,87.8,2.14,Kolhapur
20210826,27.97,20.94,0.51,89.42,2.38,Kolhapur
20210827,27.99,21.3,2.05,88.16,2.54,Kolhapur
20210828,27.56,21.63,2.16,88.35,3.08,Kolhapur
20210829,27.16,21.21,2.19,86.63,3.27,Kolhapur
20210830,24.93,20.3,3.39,88.35,2.9,Kolhapur
20210831,24.41,19.46,2.57,91.07,2.96,Kolhapur
20210901,27.55,20.5,4.42,87.32,3.31,Kolhapur
20210902,27.43,20.6,9.03,88.68,3.2,Kolhapur
20210903,25.77,21.49,5.2,92.53,2.82,Kolhapur
20210904,26.02,21.14,5.26,91.71,2.92,Kolhapur
20210905,25.15,21.36,12.44,92.06,3.45,Kolhapur
20210906,24.92,21.23,11.14,90.83,4.33,Kolhapur
20210907,23.97,20.25,22.71,93.33,5.08,Kolhapur
20210908,26.49,21.89,10.01,89.93,5.99,Kolhapur
20210909,27.47,21.58,6.81,89.24,5.15,Kolhapur
20210910,27.53,21.6,8.34,89.32,5.02,Kolhapur
20210911,27.68,21.89,8.67,89.61,5.02,Kolhapur
20210912,26.98,21.87,12.26,90.86,5.21,Kolhapur
20210913,25.54,22.56,15.75,93.71,4.99,Kolhapur
20210914,27.39,22.06,7.24,89.98,4.75,Kolhapur
20210915,27.12,21.41,1.65,90.01,3.66,Kolhapur
20210916,27.43,21.2,1.2,89.88,3.44,Kolhapur
20210917,27.41,20.39,0.29,89.55,2.68,Kolhapur
20210918,27.46,19.38,0.04,88.43,2.35,Kolhapur
20210919,28.06,20.07,0.11,88.16,2.11,Kolhapur
20210920,27.72,20.72,2.57,89.17,2.47,Kolhapur
20210921,26.31,21.87,10.6,91.49,3.08,Kolhapur
20210922,27.37,21.47,7.82,89.68,3.2,Kolhapur
20210923,27.5,21.19,4.21,90.3,3.11,Kolhapur
20210924,26.42,21.17,0.96,90.34,2.14,Kolhapur
20210925,27.78,20.77,0.52,88.67,2.41,Kolhapur
20210926,27.76,20.45,1.72,88.3,2.35,Kolhapur
20210927,24.54,21.01,2.57,92.29,3.08,Kolhapur
20210928,25.07,18.38,6.56,89.93,4.25,Kolhapur
20210929,27.53,17.69,10.62,89.21,3.67,Kolhapur
20210930,28.35,20.72,1.6,88.51,2.17,Kolhapur
20211001,29.65,21.03,3.02,86.17,1.36,Kolhapur
20211002,29.45,22.34,6.77,88.55,0.99,Kolhapur
20211003,28.12,22.03,34.15,86.34,1.72,Kolhapur
20211004,29.62,21.01,8.33,85.41,1.11,Kolhapur
20211005,28.71,22.01,5.84,88.07,1.97,Kolhapur
20211006,27.79,22.12,24.11,89.63,1.85,Kolhapur
20211007,28.29,21.67,10.58,90.75,2.35,Kolhapur
20211008,28.11,20.93,4.02,90.01,2.05,Kolhapur
20211009,27.68,21.82,6.35,89.65,1.96,Kolhapur
20211010,27.8,21.08,4.43,89.02,1.58,Kolhapur
20211011,28.29,21.29,1.8,88.14,1.19,Kolhapur
20211012,29.28,21.53,1.02,84.19,0.77,Kolhapur
20211013,29.14,20.23,0.0,77.83,1.12,Kolhapur
20211014,29.16,19.65,0.0,82.31,1.37,Kolhapur
20211015,29.38,21.15,0.22,80.97,1.68,Kolhapur
20211016,29.67,19.02,0.0,81.52,1.38,Kolhapur
20211017,27.87,20.13,0.0,87.06,2.08,Kolhapur
20211018,27.38,20.35,0.01,87.69,2.44,Kolhapur
20211019,27.61,18.93,0.0,86.51,1.64,Kolhapur
20211020,29.12,19.13,0.0,83.64,0.97,Kolhapur
20211021,29.03,20.08,0.0,79.43,1.36,Kolhapur
20211022,29.23,19.28,0.0,78.87,1.24,Kolhapur
20211023,29.21,20.11,0.12,81.51,1.49,Kolhapur
20211024,27.38,19.39,0.24,85.25,1.3,Kolhapur
20211025,28.28,19.08,0.09,84.75,1.68,Kolhapur
20211026,28.34,17.78,0.0,76.28,1.9,Kolhapur
20211027,28.26,16.49,0.0,74.91,2.93,Kolhapur
20211028,28.18,15.84,0.0,74.46,2.76,Kolhapur
20211029,29.04,18.64,0.0,82.29,2.9,Kolhapur
20211030,29.79,20.48,0.0,80.66,2.82,Kolhapur
20211031,27.99,20.48,0.81,86.27,2.28,Kolhapur
20211101,28.95,21.45,0.88,83.31,2.0,Kolhapur
20211102,27.25,20.39,0.39,85.25,2.63,Kolhapur
20211103,27.52,20.83,2.68,84.46,2.36,Kolhapur
20211104,28.71,19.97,0.54,83.49,1.8,Kolhapur
20211105,27.47,20.81,1.05,85.27,1.5,Kolhapur
20211106,28.18,20.71,2.01,81.71,1.7,Kolhapur
20211107,28.92,19.72,0.15,78.38,1.62,Kolhapur
20211108,28.33,17.25,0.0,71.7,1.72,Kolhapur
20211109,28.5,16.11,0.0,69.89,2.5,Kolhapur
20211110,28.44,14.96,0.0,68.4,2.19,Kolhapur
20211111,26.56,15.38,0.0,70.95,2.38,Kolhapur
20211112,28.23,17.19,0.01,77.32,2.17,Kolhapur
20211113,29.65,20.7,1.03,84.0,2.04,Kolhapur
20211114,26.61,20.79,0.7,87.24,1.32,Kolhapur
20211115,29.74,21.15,3.7,84.15,1.41,Kolhapur
20211116,29.53,21.62,14.84,85.11,2.41,Kolhapur
20211117,28.03,22.12,4.21,87.19,2.51,Kolhapur
20211118,29.25,20.44,4.79,82.18,1.69,Kolhapur
20211119,27.97,20.24,3.75,86.08,1.78,Kolhapur
20211120,29.0,20.76,6.38,85.72,2.12,Kolhapur
20211121,28.76,21.09,5.61,88.32,2.65,Kolhapur
20211122,29.06,20.74,0.19,83.83,0.8,Kolhapur
20211123,30.01,21.0,2.37,83.48,0.7,Kolhapur
20211124,26.61,21.25,3.87,88.5,1.38,Kolhapur
20211125,29.48,19.62,0.15,79.55,2.52,Kolhapur
20211126,28.07,17.19,0.0,79.28,2.2,Kolhapur
20211127,28.61,16.7,0.0,74.66,2.22,Kolhapur
20211128,27.98,15.74,0.0,73.28,2.74,Kolhapur
20211129,28.04,18.15,0.0,80.83,3.35,Kolhapur
20211130,27.11,19.79,0.74,83.28,3.09,Kolhapur
20211201,25.31,19.76,39.78,88.76,2.31,Kolhapur
20211202,26.36,19.98,17.41,90.37,1.42,Kolhapur
20211203,26.39,19.42,8.33,89.55,1.22,Kolhapur
20211204,27.71,19.54,2.73,87.85,1.17,Kolhapur
20211205,27.24,17.39,0.09,85.78,1.24,Kolhapur
20211206,27.29,15.29,0.0,78.05,1.16,Kolhapur
20211207,27.87,14.79,0.0,75.54,1.52,Kolhapur
20211208,27.78,16.17,0.0,73.34,2.27,Kolhapur
20211209,28.19,16.78,0.0,78.72,2.03,Kolhapur
20211210,28.01,18.68,0.0,83.1,2.61,Kolhapur
20211211,28.11,19.08,0.0,80.61,2.76,Kolhapur
20211212,28.21,18.41,0.0,79.48,2.5,Kolhapur
20211213,27.15,18.04,0.0,79.79,1.84,Kolhapur
20211214,26.99,17.16,0.0,81.05,1.62,Kolhapur
20211215,27.4,19.02,0.0,82.88,1.55,Kolhapur
20211216,26.83,18.74,0.0,81.43,1.57,Kolhapur
20211217,27.27,16.02,0.0,73.59,1.63,Kolhapur
20211218,27.33,14.53,0.0,69.38,2.52,Kolhapur
20211219,26.6,12.55,0.0,69.23,2.97,Kolhapur
20211220,26.69,12.08,0.0,70.65,2.7,Kolhapur
20211221,27.12,11.7,0.0,67.78,1.69,Kolhapur
20211222,27.93,12.8,0.0,62.37,1.0,Kolhapur
20211223,27.79,14.65,0.0,68.66,1.01,Kolhapur
20211224,27.86,14.02,0.0,79.02,1.41,Kolhapur
20211225,28.18,14.17,0.0,78.48,1.11,Kolhapur
20211226,28.81,13.59,0.0,73.32,1.13,Kolhapur
20211227,28.54,14.19,0.0,69.36,1.36,Kolhapur
20211228,28.07,14.73,0.0,75.23,1.52,Kolhapur
20211229,27.3,15.01,0.0,74.07,1.12,Kolhapur
20211230,28.03,14.51,0.0,70.91,2.18,Kolhapur
20211231,28.28,14.52,0.0,74.09,3.02,Kolhapur
20220101,28.13,16.56,0.0,75.05,2.22,Kolhapur
20220102,28.47,17.16,0.0,73.25,2.3,Kolhapur
20220103,28.31,16.71,0.0,71.82,2.05,Kolhapur
20220104,28.85,16.64,0.0,67.42,2.23,Kolhapur
20220105,28.35,13.96,0.0,67.22,1.53,Kolhapur
20220106,28.65,13.7,0.0,69.13,1.29,Kolhapur
20220107,28.22,14.39,0.0,75.63,1.78,Kolhapur
20220108,27.61,15.98,0.09,74.36,1.55,Kolhapur
20220109,27.59,13.83,0.43,77.27,1.49,Kolhapur
20220110,28.02,14.23,0.0,77.47,1.66,Kolhapur
20220111,26.33,13.26,0.0,76.04,1.98,Kolhapur
20220112,26.31,10.53,0.0,72.45,1.64,Kolhapur
20220113,24.69,12.05,0.0,78.85,1.86,Kolhapur
20220114,25.91,13.38,0.0,77.33,1.62,Kolhapur
20220115,28.67,12.73,0.0,72.56,1.26,Kolhapur
20220116,29.54,14.76,0.0,66.55,1.94,Kolhapur
20220117,28.77,18.15,0.0,67.52,2.02,Kolhapur
20220118,30.1,16.45,0.0,62.27,2.19,Kolhapur
20220119,30.25,14.7,0.0,56.28,1.73,Kolhapur
20220120,31.84,14.32,0.0,53.77,1.74,Kolhapur
20220121,31.82,14.38,0.0,54.01,1.93,Kolhapur
20220122,29.17,14.67,0.0,72.3,2.29,Kolhapur
20220123,26.43,13.5,0.02,76.79,3.08,Kolhapur
20220124,25.7,11.22,0.0,70.91,1.69,Kolhapur
20220125,27.99,10.15,0.0,58.59,1.74,Kolhapur
20220126,29.09,11.48,0.0,59.12,1.05,Kolhapur
20220127,29.33,12.28,0.0,55.61,2.42,Kolhapur
20220128,30.05,14.45,0.0,46.5,3.8,Kolhapur
20220129,30.44,12.22,0.0,41.04,3.07,Kolhapur
20220130,32.09,12.43,0.0,43.13,1.71,Kolhapur
20220131,32.84,14.98,0.0,46.17,1.27,Kolhapur
20220201,33.27,13.83,0.0,44.73,1.51,Kolhapur
20220202,34.23,13.56,0.0,42.9,1.42,Kolhapur
20220203,31.59,14.49,0.0,59.76,2.53,Kolhapur
20220204,29.21,13.81,0.0,66.98,1.89,Kolhapur
20220205,32.17,12.75,0.0,63.43,1.51,Kolhapur
20220206,33.04,13.08,0.0,57.89,2.32,Kolhapur
20220207,32.36,14.46,0.0,62.22,1.84,Kolhapur
20220208,32.29,15.43,0.0,65.8,2.03,Kolhapur
20220209,32.82,14.76,0.0,61.25,1.81,Kolhapur
20220210,32.08,14.19,0.0,53.08,1.82,Kolhapur
20220211,32.79,18.08,0.0,45.05,3.1,Kolhapur
20220212,32.87,17.25,0.0,45.03,2.52,Kolhapur
20220213,32.87,15.52,0.0,40.71,1.49,Kolhapur
20220214,33.41,15.83,0.0,45.28,1.75,Kolhapur
20220215,32.46,14.82,0.0,51.84,2.2,Kolhapur
20220216,31.27,13.71,0.0,53.66,2.41,Kolhapur
20220217,32.52,14.5,0.0,50.67,2.0,Kolhapur
20220218,33.23,15.58,0.0,48.14,1.47,Kolhapur
20220219,33.87,18.11,0.0,51.55,2.33,Kolhapur
20220220,35.13,17.15,0.0,50.99,2.26,Kolhapur
20220221,35.21,16.84,0.0,48.81,1.83,Kolhapur
20220222,36.22,15.67,0.0,43.08,1.24,Kolhapur
20220223,35.88,17.73,0.0,49.84,2.06,Kolhapur
20220224,35.6,18.41,0.0,51.63,1.23,Kolhapur
20220225,35.74,18.27,0.0,48.04,1.24,Kolhapur
20220226,35.7,16.46,0.0,35.75,1.74,Kolhapur
20220227,34.97,16.11,0.0,37.61,1.09,Kolhapur
20220228,35.4,16.41,0.0,31.45,1.44,Kolhapur
20220301,35.76,18.26,0.0,34.87,1.14,Kolhapur
20220302,36.18,17.23,0.0,28.87,1.94,Kolhapur
20220303,36.23,17.72,0.0,28.3,1.46,Kolhapur
20220304,36.25,17.58,0.0,30.46,1.51,Kolhapur
20220305,36.45,18.82,0.0,29.79,1.79,Kolhapur
20220306,36.08,19.14,0.0,34.55,1.64,Kolhapur
20220307,35.58,20.37,0.0,35.48,2.7,Kolhapur
20220308,35.98,21.58,0.0,39.17,2.12,Kolhapur
20220309,37.09,22.17,0.0,43.13,1.69,Kolhapur
20220310,35.64,22.57,0.01,36.7,1.75,Kolhapur
20220311,33.75,23.71,0.01,38.14,1.65,Kolhapur
20220312,31.37,22.56,0.01,41.23,2.75,Kolhapur
20220313,36.76,20.94,0.0,32.65,1.92,Kolhapur
20220314,37.37,22.41,0.0,27.88,2.42,Kolhapur
20220315,38.69,18.57,0.0,21.69,2.24,Kolhapur
20220316,39.45,19.53,0.0,28.43,2.06,Kolhapur
20220317,40.04,20.48,0.0,46.75,2.2,Kolhapur
20220318,39.73,20.17,0.0,54.26,2.19,Kolhapur
20220319,38.62,21.56,2.51,58.81,2.7,Kolhapur
20220320,37.53,19.68,1.49,56.82,2.55,Kolhapur
20220321,37.34,20.0,0.0,53.47,2.14,Kolhapur
20220322,38.03,20.82,2.62,54.86,1.81,Kolhapur
20220323,37.73,21.78,1.23,55.36,1.97,Kolhapur
20220324,37.38,21.4,1.14,60.02,2.29,Kolhapur
20220325,37.6,22.11,1.6,57.46,2.25,Kolhapur
20220326,38.59,21.3,0.08,52.96,2.14,Kolhapur
20220327,39.11,20.6,0.15,51.69,1.75,Kolhapur
20220328,39.4,21.57,0.02,50.16,2.16,Kolhapur
20220329,40.92,21.66,0.0,51.65,2.32,Kolhapur
20220330,40.77,20.0,0.0,41.73,2.3,Kolhapur
20220331,40.88,19.86,0.0,44.15,2.11,Kolhapur
20220401,40.83,19.52,0.0,29.12,2.14,Kolhapur
20220402,40.49,20.16,0.0,37.97,2.21,Kolhapur
20220403,40.45,22.01,0.0,46.58,2.06,Kolhapur
20220404,39.52,22.03,0.38,50.49,1.89,Kolhapur
20220405,39.5,23.51,1.71,51.63,1.74,Kolhapur
20220406,39.35,22.79,1.07,48.52,1.52,Kolhapur
20220407,39.67,22.83,0.29,47.02,1.62,Kolhapur
20220408,38.14,24.23,1.23,45.56,1.76,Kolhapur
20220409,36.31,25.2,0.24,53.59,1.75,Kolhapur
20220410,35.21,23.24,9.58,59.98,1.49,Kolhapur
20220411,36.19,23.03,0.28,56.78,1.24,Kolhapur
20220412,34.05,24.47,0.0,52.35,1.41,Kolhapur
20220413,38.23,23.99,0.0,46.24,2.11,Kolhapur
20220414,35.31,23.09,0.86,59.78,2.45,Kolhapur
20220415,33.98,22.66,1.43,61.33,2.55,Kolhapur
20220416,37.54,21.56,3.26,56.77,2.26,Kolhapur
20220417,36.52,20.82,3.69,59.72,1.98,Kolhapur
20220418,37.77,20.29,0.01,55.59,2.39,Kolhapur
20220419,32.69,22.34,2.01,61.98,2.33,Kolhapur
20220420,37.8,22.13,0.42,51.53,1.81,Kolhapur
20220421,39.46,22.88,0.02,42.86,2.56,Kolhapur
20220422,38.47,24.4,0.46,52.69,1.64,Kolhapur
20220423,33.93,24.53,2.13,57.61,2.16,Kolhapur
20220424,30.03,23.53,7.86,68.04,1.54,Kolhapur
20220425,37.3,21.16,2.29,52.67,1.37,Kolhapur
20220426,36.77,22.57,2.71,59.13,1.38,Kolhapur
20220427,36.7,22.86,0.11,48.22,2.36,Kolhapur
20220428,37.03,24.16,2.6,52.67,1.57,Kolhapur
20220429,37.89,23.55,1.29,53.55,1.47,Kolhapur
20220430,39.38,22.19,0.0,50.65,2.59,Kolhapur
20220501,39.7,22.13,0.0,53.21,3.1,Kolhapur
20220502,38.37,21.93,0.0,56.27,3.58,Kolhapur
20220503,36.47,22.83,0.0,58.27,3.33,Kolhapur
20220504,39.65,23.53,0.15,52.47,2.34,Kolhapur
20220505,37.61,23.63,0.17,52.45,2.77,Kolhapur
20220506,39.19,22.96,0.07,52.83,2.87,Kolhapur
20220507,40.41,22.48,0.01,54.4,3.4,Kolhapur
20220508,39.83,23.72,0.0,52.87,2.75,Kolhapur
20220509,40.04,24.15,0.01,54.94,4.27,Kolhapur
20220510,38.4,23.97,0.0,57.39,4.85,Kolhapur
20220511,36.12,24.0,0.39,66.19,4.44,Kolhapur
20220512,35.63,23.83,2.08,67.02,4.45,Kolhapur
20220513,33.51,23.71,1.96,68.67,4.19,Kolhapur
20220514,35.69,23.5,0.14,64.04,4.37,Kolhapur
20220515,37.24,23.6,0.0,63.83,4.14,Kolhapur
20220516,37.47,24.29,0.03,62.34,3.48,Kolhapur
20220517,33.39,24.43,0.61,65.68,2.35,Kolhapur
20220518,32.1,23.93,4.13,70.07,2.74,Kolhapur
20220519,30.46,23.62,36.06,78.74,2.98,Kolhapur
20220520,28.97,22.6,10.34,82.34,3.34,Kolhapur
20220521,29.29,22.31,10.2,78.99,3.96,Kolhapur
20220522,32.53,22.11,0.3,76.93,4.51,Kolhapur
20220523,32.67,23.29,0.1,76.84,4.1,Kolhapur
20220524,33.96,23.32,0.06,73.59,3.74,Kolhapur
20220525,35.94,22.31,0.0,67.68,3.33,Kolhapur
20220526,34.56,21.61,0.0,68.23,3.94,Kolhapur
20220527,34.2,22.43,0.02,68.32,4.26,Kolhapur
20220528,34.55,20.86,0.12,69.15,3.88,Kolhapur
20220529,34.63,22.13,0.51,67.72,3.98,Kolhapur
20220530,35.5,21.45,0.0,65.71,3.87,Kolhapur
20220531,34.94,22.93,0.52,67.02,3.84,Kolhapur
20220601,32.65,22.64,0.51,70.58,2.44,Kolhapur
20220602,32.71,22.94,16.74,72.82,2.99,Kolhapur
20220603,33.56,22.74,5.51,73.01,3.47,Kolhapur
20220604,33.81,22.79,0.01,68.9,2.66,Kolhapur
20220605,32.47,23.33,0.79,74.41,2.93,Kolhapur
20220606,28.56,22.75,0.36,78.39,2.69,Kolhapur
20220607,32.19,22.23,0.13,74.39,2.98,Kolhapur
20220608,31.01,22.87,2.86,78.29,3.21,Kolhapur
20220609,30.38,22.48,2.61,79.86,2.46,Kolhapur
20220610,30.11,22.96,10.84,82.5,3.62,Kolhapur
20220611,29.97,22.04,12.61,79.49,4.09,Kolhapur
20220612,30.14,21.82,8.1,78.11,3.83,Kolhapur
20220613,31.59,21.61,2.69,77.16,3.42,Kolhapur
20220614,30.99,21.73,0.28,71.94,3.13,Kolhapur
20220615,30.52,21.46,1.62,78.57,3.11,Kolhapur
20220616,30.13,22.41,4.24,79.25,3.42,Kolhapur
20220617,30.49,21.68,1.52,76.85,2.88,Kolhapur
20220618,29.36,20.77,0.97,77.62,3.07,Kolhapur
20220619,29.09,21.82,11.45,80.64,4.08,Kolhapur
20220620,29.31,22.13,5.45,82.62,4.89,Kolhapur
20220621,27.72,22.43,9.39,84.78,4.43,Kolhapur
20220622,28.19,21.9,5.47,84.19,3.21,Kolhapur
20220623,30.89,20.92,16.44,79.69,2.95,Kolhapur
20220624,29.69,21.06,9.65,81.43,4.35,Kolhapur
20220625,27.13,22.05,25.57,87.77,5.37,Kolhapur
20220626,26.92,22.25,11.91,87.09,5.19,Kolhapur
20220627,28.96,22.25,10.64,85.89,5.08,Kolhapur
20220628,28.33,22.66,7.13,86.21,4.06,Kolhapur
20220629,28.74,22.57,11.74,85.51,4.61,Kolhapur
20220630,27.34,22.76,21.96,88.97,4.03,Kolhapur
20220701,28.75,22.65,16.96,86.33,4.57,Kolhapur
20220702,28.52,22.45,6.95,84.88,5.05,Kolhapur
20220703,28.79,22.53,5.01,84.43,5.39,Kolhapur
20220704,25.71,22.71,31.75,90.98,5.42,Kolhapur
20220705,26.14,22.29,39.68,90.52,6.02,Kolhapur
20220706,27.8,22.14,22.64,87.52,5.61,Kolhapur
20220707,26.97,21.92,31.13,89.07,5.69,Kolhapur
20220708,24.89,22.04,24.6,91.46,6.06,Kolhapur
20220709,25.69,21.8,32.28,91.69,6.03,Kolhapur
20220710,24.92,21.78,13.78,91.43,5.95,Kolhapur
20220711,24.65,21.92,25.84,92.36,6.21,Kolhapur
20220712,24.48,21.81,22.3,92.58,6.2,Kolhapur
20220713,23.82,21.44,28.13,93.41,7.06,Kolhapur
20220714,23.63,21.82,30.28,92.71,7.62,Kolhapur
20220715,24.28,21.47,20.88,92.72,6.94,Kolhapur
20220716,26.93,21.79,24.48,90.66,6.55,Kolhapur
20220717,25.73,21.74,12.78,92.22,5.12,Kolhapur
20220718,25.65,21.3,4.34,91.15,5.06,Kolhapur
20220719,26.84,21.57,6.47,90.1,4.51,Kolhapur
20220720,27.78,21.17,2.44,89.09,4.15,Kolhapur
20220721,26.19,21.01,1.16,90.13,3.63,Kolhapur
20220722,26.64,21.34,0.58,89.61,3.56,Kolhapur
20220723,25.27,21.23,3.06,91.82,4.26,Kolhapur
20220724,25.82,21.53,3.62,90.44,4.57,Kolhapur
20220725,27.18,20.92,4.21,88.34,3.97,Kolhapur
20220726,27.34,21.05,2.54,87.85,3.24,Kolhapur
20220727,26.91,20.82,19.63,88.08,1.44,Kolhapur
20220728,29.0,22.14,2.15,87.32,1.36,Kolhapur
20220729,29.43,21.14,7.01,84.3,1.29,Kolhapur
20220730,28.33,22.14,8.59,89.06,1.97,Kolhapur
20220731,26.98,21.8,2.28,90.59,2.38,Kolhapur
20220801,27.19,21.9,2.18,90.12,3.26,Kolhapur
20220802,28.03,21.53,3.1,88.86,3.12,Kolhapur
20220803,27.36,21.75,24.34,90.94,2.65,Kolhapur
20220804,26.78,21.79,29.99,92.2,3.0,Kolhapur
20220805,25.03,22.14,9.14,93.03,3.31,Kolhapur
20220806,25.94,22.08,25.24,91.37,5.18,Kolhapur
20220807,24.84,21.78,50.5,94.01,5.4,Kolhapur
20220808,24.09,21.61,66.66,95.07,6.17,Kolhapur
20220809,24.32,21.59,25.73,93.65,7.13,Kolhapur
20220810,24.47,21.33,10.32,92.74,7.58,Kolhapur
20220811,25.65,21.57,11.27,91.47,7.43,Kolhapur
20220812,25.87,21.42,6.83,90.34,7.07,Kolhapur
20220813,25.25,21.11,4.22,90.31,5.53,Kolhapur
20220814,24.27,20.64,4.33,92.37,4.86,Kolhapur
20220815,25.07,20.46,9.37,91.44,4.41,Kolhapur
20220816,25.64,20.94,7.39,90.53,4.54,Kolhapur
20220817,26.35,21.02,7.19,90.21,4.38,Kolhapur
20220818,26.16,20.9,3.72,89.7,4.43,Kolhapur
20220819,25.35,20.52,4.23,90.67,4.59,Kolhapur
20220820,26.98,20.9,4.23,89.57,4.69,Kolhapur
20220821,26.9,21.03,3.01,89.93,4.64,Kolhapur
20220822,26.71,21.18,4.77,89.82,5.3,Kolhapur
20220823,27.44,21.23,4.07,89.67,4.73,Kolhapur
20220824,26.88,21.11,2.73,89.26,4.07,Kolhapur
20220825,26.32,20.96,1.29,90.14,3.09,Kolhapur
20220826,27.18,20.35,5.89,89.04,2.53,Kolhapur
20220827,26.25,20.35,8.37,88.8,2.39,Kolhapur
20220828,28.3,20.13,2.14,86.5,2.57,Kolhapur
20220829,27.99,20.65,0.33,86.78,2.25,Kolhapur
20220830,29.13,21.03,2.69,87.54,1.36,Kolhapur
20220831,28.92,22.05,13.22,88.07,0.98,Kolhapur
20220901,27.88,22.35,17.39,88.37,1.34,Kolhapur
20220902,28.73,22.35,5.39,87.39,2.03,Kolhapur
20220903,29.92,20.78,1.15,86.2,1.62,Kolhapur
20220904,27.81,22.0,0.57,90.22,2.06,Kolhapur
20220905,27.05,21.82,14.94,90.85,1.67,Kolhapur
20220906,28.72,21.17,15.05,86.74,1.51,Kolhapur
20220907,27.71,21.63,16.42,90.13,1.74,Kolhapur
20220908,26.31,21.78,18.98,90.48,1.83,Kolhapur
20220909,26.72,21.38,22.36,92.37,2.16,Kolhapur
20220910,26.28,21.23,26.48,92.68,2.72,Kolhapur
20220911,25.14,21.74,23.91,95.08,2.99,Kolhapur
20220912,24.79,21.88,25.87,95.02,4.43,Kolhapur
20220913,25.54,21.25,5.53,92.27,4.78,Kolhapur
20220914,26.83,21.35,4.02,90.83,4.46,Kolhapur
20220915,26.93,21.33,4.86,91.3,4.98,Kolhapur
20220916,26.97,21.55,3.36,91.03,4.98,Kolhapur
20220917,27.13,21.0,2.17,90.48,3.64,Kolhapur
20220918,26.73,20.74,1.16,90.08,3.11,Kolhapur
20220919,26.4,19.92,0.31,88.83,2.96,Kolhapur
20220920,25.57,19.39,0.63,89.49,2.59,Kolhapur
20220921,25.69,19.26,0.44,89.53,2.51,Kolhapur
20220922,26.36,19.03,0.15,88.49,2.67,Kolhapur
20220923,26.23,18.4,2.33,90.04,2.78,Kolhapur
20220924,26.43,19.61,2.17,90.06,2.75,Kolhapur
20220925,27.34,19.49,2.05,89.47,2.37,Kolhapur
20220926,25.53,19.62,0.31,89.77,2.09,Kolhapur
20220927,26.37,18.82,0.1,89.06,2.06,Kolhapur
20220928,27.55,20.13,0.08,88.8,2.66,Kolhapur
20220929,26.97,20.33,3.07,90.51,2.57,Kolhapur
20220930,27.41,21.31,8.49,89.52,2.01,Kolhapur
20221001,27.06,21.91,8.08,90.0,2.67,Kolhapur
20221002,27.66,20.7,1.85,87.91,2.29,Kolhapur
20221003,28.29,20.05,0.18,87.2,2.02,Kolhapur
20221004,28.57,20.15,0.03,85.87,1.94,Kolhapur
20221005,27.83,20.65,0.39,86.7,2.05,Kolhapur
20221006,27.14,21.05,17.94,88.85,2.68,Kolhapur
20221007,25.64,20.5,8.71,91.02,2.94,Kolhapur
20221008,27.1,19.8,0.25,88.27,2.15,Kolhapur
20221009,29.25,19.61,0.41,82.39,0.56,Kolhapur
20221010,28.8,20.35,6.15,87.0,1.16,Kolhapur
20221011,26.22,21.63,20.63,93.17,1.07,Kolhapur
20221012,25.87,21.65,25.05,94.14,1.07,Kolhapur
20221013,26.94,21.24,6.57,90.51,0.96,Kolhapur
20221014,27.89,20.84,25.89,89.95,1.43,Kolhapur
20221015,28.35,20.77,3.04,86.56,1.77,Kolhapur
20221016,27.2,21.17,2.57,89.52,2.05,Kolhapur
20221017,28.15,21.35,12.21,89.52,2.07,Kolhapur
20221018,28.59,21.74,9.49,85.74,0.69,Kolhapur
20221019,28.0,20.31,1.7,86.68,1.28,Kolhapur
20221020,26.79,21.85,3.36,90.92,0.72,Kolhapur
20221021,28.2,20.95,29.41,86.99,1.48,Kolhapur
20221022,27.64,17.61,7.67,85.41,2.25,Kolhapur
20221023,26.01,15.8,0.0,76.18,2.66,Kolhapur
20221024,26.4,14.62,0.0,70.13,1.48,Kolhapur
20221025,27.29,14.84,0.0,71.88,1.1,Kolhapur
20221026,26.85,14.1,0.0,74.9,1.86,Kolhapur
20221027,26.31,14.43,0.0,74.1,2.16,Kolhapur
20221028,26.51,14.43,0.0,77.83,1.92,Kolhapur
20221029,26.98,14.81,0.0,79.16,2.58,Kolhapur
20221030,26.84,14.87,0.0,75.58,2.81,Kolhapur
20221031,26.28,14.34,0.0,77.69,2.43,Kolhapur
20221101,26.49,14.76,0.0,78.71,2.06,Kolhapur
20221102,27.72,17.22,0.0,83.93,2.27,Kolhapur
20221103,27.55,18.39,0.0,84.26,1.78,Kolhapur
20221104,27.82,18.03,0.0,83.76,2.46,Kolhapur
20221105,28.18,18.72,0.0,83.7,2.45,Kolhapur
20221106,27.49,18.31,0.01,84.23,2.26,Kolhapur
20221107,26.9,16.54,0.0,77.29,2.19,Kolhapur
20221108,27.44,16.17,0.0,75.37,2.19,Kolhapur
20221109,27.38,16.34,0.0,75.48,2.29,Kolhapur
20221110,26.25,14.24,0.0,73.55,3.02,Kolhapur
20221111,26.26,14.51,0.0,77.74,3.38,Kolhapur
20221112,25.5,15.58,0.0,76.97,3.57,Kolhapur
20221113,27.81,16.09,0.0,80.13,2.84,Kolhapur
20221114,28.06,19.28,0.0,82.32,2.41,Kolhapur
20221115,27.81,17.68,0.0,80.3,2.03,Kolhapur
20221116,26.75,15.19,0.0,75.31,1.98,Kolhapur
20221117,26.65,13.43,0.0,71.27,2.26,Kolhapur
20221118,26.22,13.14,0.0,71.86,2.2,Kolhapur
20221119,25.81,12.96,0.0,74.71,2.66,Kolhapur
20221120,24.98,12.43,0.0,74.14,2.37,Kolhapur
20221121,26.17,11.55,0.0,72.02,1.65,Kolhapur
20221122,27.64,16.07,0.0,79.25,1.84,Kolhapur
20221123,28.06,17.41,0.0,79.88,1.7,Kolhapur
20221124,28.4,19.36,0.41,84.71,1.81,Kolhapur
20221125,28.87,19.91,0.12,83.39,1.82,Kolhapur
20221126,29.05,20.68,0.5,82.79,1.58,Kolhapur
20221127,28.53,19.28,0.36,82.45,1.32,Kolhapur
20221128,28.84,19.64,0.07,80.63,0.95,Kolhapur
20221129,28.74,18.08,0.01,76.74,1.54,Kolhapur
20221130,27.79,15.24,0.0,70.26,1.86,Kolhapur
20221201,27.98,13.03,0.0,64.2,1.95,Kolhapur
20221202,28.55,15.64,0.0,76.17,1.41,Kolhapur
20221203,28.91,19.07,0.0,78.67,1.64,Kolhapur
20221204,28.33,19.73,0.0,80.26,1.76,Kolhapur
20221205,28.91,18.61,0.0,78.9,2.45,Kolhapur
20221206,28.85,15.89,0.0,69.17,2.69,Kolhapur
20221207,28.28,14.14,0.0,70.97,2.21,Kolhapur
20221208,27.83,15.57,0.0,70.57,2.48,Kolhapur
20221209,27.16,11.59,0.0,60.47,2.51,Kolhapur
20221210,29.37,13.72,0.04,67.68,2.53,Kolhapur
20221211,26.87,17.57,0.29,81.77,2.19,Kolhapur
20221212,28.57,19.48,1.33,80.82,2.76,Kolhapur
20221213,27.18,19.22,0.07,82.86,3.39,Kolhapur
20221214,29.62,19.5,0.0,76.29,2.45,Kolhapur
20221215,29.1,17.66,0.0,78.04,1.39,Kolhapur
20221216,30.92,16.92,0.0,68.06,1.76,Kolhapur
20221217,30.51,18.52,0.0,71.69,2.19,Kolhapur
20221218,29.64,18.3,0.0,71.88,2.74,Kolhapur
20221219,29.23,14.47,0.0,61.98,2.53,Kolhapur
20221220,30.6,14.55,0.0,63.22,2.11,Kolhapur
20221221,30.57,14.44,0.0,62.67,1.9,Kolhapur
20221222,30.55,14.6,0.0,60.39,1.86,Kolhapur
20221223,30.76,15.04,0.0,62.45,1.49,Kolhapur
20221224,30.76,13.82,0.0,59.01,1.46,Kolhapur
20221225,30.67,13.69,0.0,56.3,1.38,Kolhapur
20221226,31.35,15.71,0.0,70.33,1.87,Kolhapur
20221227,31.79,19.23,0.0,69.84,1.81,Kolhapur
20221228,32.02,18.65,0.0,66.57,1.64,Kolhapur
20221229,31.44,16.92,0.0,63.95,1.96,Kolhapur
20221230,31.3,17.12,0.0,61.38,1.83,Kolhapur
20221231,31.18,16.13,0.0,59.97,1.5,Kolhapur
20230101,30.8,14.41,0.0,57.04,1.48,Kolhapur
20230102,31.12,14.52,0.0,58.46,1.82,Kolhapur
20230103,30.39,15.92,0.0,65.04,1.63,Kolhapur
20230104,30.16,16.25,0.0,66.62,0.95,Kolhapur
20230105,30.13,16.4,0.0,61.13,2.51,Kolhapur
20230106,29.43,17.15,0.0,63.1,3.23,Kolhapur
20230107,29.04,16.65,0.0,64.3,2.92,Kolhapur
20230108,29.38,14.68,0.0,53.92,2.68,Kolhapur
20230109,29.99,11.34,0.0,35.38,2.73,Kolhapur
20230110,31.02,11.07,0.0,36.43,2.47,Kolhapur
20230111,31.65,11.95,0.0,41.73,1.48,Kolhapur
20230112,31.65,12.81,0.0,42.61,1.39,Kolhapur
20230113,31.39,11.87,0.0,44.06,1.14,Kolhapur
20230114,31.4,11.85,0.0,47.71,1.34,Kolhapur
20230115,32.74,12.45,0.0,47.48,1.54,Kolhapur
20230116,32.1,14.1,0.0,51.94,0.87,Kolhapur
20230117,32.9,13.58,0.0,48.82,1.17,Kolhapur
20230118,32.72,13.82,0.0,45.62,1.01,Kolhapur
20230119,32.39,13.81,0.0,41.43,1.59,Kolhapur
20230120,32.0,13.48,0.0,44.3,1.57,Kolhapur
20230121,31.46,13.6,0.0,49.3,0.79,Kolhapur
20230122,31.54,14.66,0.0,49.18,0.99,Kolhapur
20230123,32.27,13.9,0.0,53.58,1.86,Kolhapur
20230124,31.5,14.17,0.0,61.16,1.76,Kolhapur
20230125,31.54,16.88,0.01,60.84,1.65,Kolhapur
20230126,32.92,16.43,0.0,56.66,1.63,Kolhapur
20230127,32.95,15.79,0.0,43.6,2.25,Kolhapur
20230128,32.77,13.98,0.0,45.34,1.81,Kolhapur
20230129,32.86,16.83,0.0,58.27,1.56,Kolhapur
20230130,32.14,16.11,0.0,58.2,1.18,Kolhapur
20230131,31.72,18.04,0.0,55.18,2.22,Kolhapur
20230201,32.02,18.31,0.0,47.1,2.83,Kolhapur
20230202,31.91,18.2,0.0,39.63,3.4,Kolhapur
20230203,32.26,15.18,0.0,33.09,2.8,Kolhapur
20230204,33.77,15.69,0.0,32.78,2.2,Kolhapur
20230205,34.39,16.16,0.0,33.84,1.95,Kolhapur
20230206,34.81,15.62,0.0,32.73,1.74,Kolhapur
20230207,34.43,15.23,0.0,38.12,1.21,Kolhapur
20230208,35.48,15.66,0.0,33.26,2.25,Kolhapur
20230209,35.84,16.88,0.0,24.47,2.63,Kolhapur
20230210,35.55,15.29,0.0,25.18,2.21,Kolhapur
20230211,36.32,15.75,0.0,21.48,2.24,Kolhapur
20230212,36.56,16.24,0.0,19.57,2.88,Kolhapur
20230213,35.9,16.31,0.0,19.97,3.48,Kolhapur
20230214,36.07,16.12,0.0,15.1,3.07,Kolhapur
20230215,36.0,14.99,0.0,14.11,2.8,Kolhapur
20230216,36.75,15.87,0.0,15.2,3.25,Kolhapur
20230217,36.56,16.14,0.0,16.52,3.01,Kolhapur
20230218,36.0,16.59,0.0,19.62,2.8,Kolhapur
20230219,35.99,15.69,0.0,23.04,2.78,Kolhapur
20230220,36.25,16.7,0.0,29.23,1.73,Kolhapur
20230221,37.35,18.85,0.0,29.57,1.05,Kolhapur
20230222,37.5,17.16,0.0,19.68,1.8,Kolhapur
20230223,36.83,17.19,0.0,21.62,2.04,Kolhapur
20230224,36.81,17.44,0.0,20.61,2.54,Kolhapur
20230225,36.52,16.49,0.0,21.16,2.18,Kolhapur
20230226,36.81,17.26,0.0,20.16,2.31,Kolhapur
20230227,36.9,17.35,0.0,25.02,1.84,Kolhapur
20230228,35.72,17.79,0.0,27.02,2.18,Kolhapur
20230301,35.82,17.47,0.0,25.33,2.77,Kolhapur
20230302,35.75,18.84,0.0,26.65,3.16,Kolhapur
20230303,35.81,18.31,0.0,26.38,3.03,Kolhapur
20230304,36.06,20.07,0.0,25.59,3.26,Kolhapur
20230305,36.48,19.97,0.0,25.14,3.02,Kolhapur
20230306,36.36,19.16,0.0,24.73,2.38,Kolhapur
20230307,35.47,19.24,0.0,25.01,2.94,Kolhapur
20230308,35.58,19.14,0.0,25.05,2.89,Kolhapur
20230309,33.76,21.35,0.0,28.3,2.67,Kolhapur
20230310,35.97,18.66,0.0,29.4,2.08,Kolhapur
20230311,36.28,18.96,0.0,28.0,2.39,Kolhapur
20230312,36.24,22.09,0.0,26.88,3.08,Kolhapur
20230313,36.08,20.05,0.0,26.86,2.16,Kolhapur
20230314,36.64,20.7,0.0,30.34,1.58,Kolhapur
20230315,36.18,21.41,0.14,41.13,1.17,Kolhapur
20230316,34.62,22.54,0.45,44.58,1.24,Kolhapur
20230317,34.58,20.97,0.04,50.12,1.76,Kolhapur
20230318,35.34,20.34,0.01,52.79,2.44,Kolhapur
20230319,33.9,17.47,0.0,52.36,2.78,Kolhapur
20230320,32.78,14.91,0.0,54.03,2.72,Kolhapur
20230321,33.59,17.18,0.0,56.25,2.95,Kolhapur
20230322,35.48,17.67,0.0,51.73,2.59,Kolhapur
20230323,35.32,16.7,0.0,45.48,2.85,Kolhapur
20230324,37.37,17.54,0.0,45.88,2.33,Kolhapur
20230325,37.44,17.83,0.0,44.73,2.43,Kolhapur
20230326,36.6,17.7,0.0,39.9,2.73,Kolhapur
20230327,37.55,16.44,0.0,48.39,2.61,Kolhapur
20230328,38.44,16.96,0.0,49.54,2.01,Kolhapur
20230329,38.61,17.84,0.0,46.6,2.46,Kolhapur
20230330,37.31,16.99,0.0,52.69,2.8,Kolhapur
20230331,35.69,18.92,0.0,54.88,2.85,Kolhapur
20230401,36.63,17.31,0.0,49.84,2.66,Kolhapur
20230402,36.93,16.52,0.0,49.2,2.84,Kolhapur
20230403,37.7,17.31,0.0,51.61,2.64,Kolhapur
20230404,38.72,16.7,0.0,52.04,2.22,Kolhapur
20230405,39.52,19.26,0.03,45.99,2.14,Kolhapur
20230406,39.28,20.22,0.64,39.45,2.01,Kolhapur
20230407,34.55,24.36,2.31,47.21,2.12,Kolhapur
20230408,35.46,23.43,1.28,50.78,2.52,Kolhapur
20230409,38.93,23.32,0.01,38.08,2.46,Kolhapur
20230410,39.38,21.66,0.2,41.94,1.66,Kolhapur
20230411,37.4,22.35,0.04,34.56,1.59,Kolhapur
20230412,37.42,22.92,0.0,31.33,1.77,Kolhapur
20230413,38.43,23.57,0.04,33.18,1.89,Kolhapur
20230414,35.36,24.0,2.06,44.31,1.78,Kolhapur
20230415,34.0,23.72,2.66,48.83,2.46,Kolhapur
20230416,39.21,22.02,0.17,40.51,1.63,Kolhapur
20230417,37.7,23.77,0.04,41.49,1.36,Kolhapur
20230418,41.2,24.56,0.0,35.79,2.0,Kolhapur
20230419,41.05,22.32,0.34,45.58,2.1,Kolhapur
20230420,39.93,21.81,2.28,51.35,2.46,Kolhapur
20230421,39.1,21.15,0.07,46.9,2.57,Kolhapur
20230422,38.69,20.27,0.0,43.63,2.69,Kolhapur
20230423,38.3,18.63,0.0,47.3,2.7,Kolhapur
20230424,39.09,20.1,0.0,46.7,2.38,Kolhapur
20230425,38.46,20.26,0.0,53.48,2.91,Kolhapur
20230426,38.61,21.55,0.0,50.48,2.49,Kolhapur
20230427,38.0,22.35,0.14,49.71,1.94,Kolhapur
20230428,34.57,22.24,0.5,53.22,1.25,Kolhapur
20230429,37.1,22.2,0.87,50.89,1.7,Kolhapur
20230430,35.91,22.43,0.07,47.11,2.98,Kolhapur
20230501,37.99,20.83,0.0,46.91,2.96,Kolhapur
20230502,36.96,19.96,0.0,44.25,2.76,Kolhapur
20230503,36.42,21.79,0.0,55.27,3.34,Kolhapur
20230504,36.33,21.89,0.0,52.1,2.65,Kolhapur
20230505,36.3,23.0,0.0,50.4,3.02,Kolhapur
20230506,36.9,21.93,0.0,51.96,2.61,Kolhapur
20230507,31.88,23.44,1.6,62.78,2.85,Kolhapur
20230508,34.21,22.9,8.37,65.8,1.49,Kolhapur
20230509,34.17,23.68,4.41,71.69,1.75,Kolhapur
20230510,36.08,23.68,1.24,63.65,1.21,Kolhapur
20230511,37.79,23.97,0.47,58.56,1.67,Kolhapur
20230512,37.48,24.03,0.37,58.17,2.87,Kolhapur
20230513,37.73,23.35,0.2,59.52,3.44,Kolhapur
20230514,37.47,23.58,0.0,57.45,3.73,Kolhapur
20230515,36.37,22.83,0.0,56.32,3.77,Kolhapur
20230516,37.77,21.9,0.0,54.01,3.11,Kolhapur
20230517,39.69,22.23,0.0,51.71,2.52,Kolhapur
20230518,39.61,21.87,0.0,49.09,2.74,Kolhapur
20230519,39.92,22.46,0.0,47.07,2.88,Kolhapur
20230520,39.57,23.26,0.0,50.64,3.07,Kolhapur
20230521,40.14,23.33,0.05,52.61,2.73,Kolhapur
20230522,40.3,23.63,5.86,50.75,2.41,Kolhapur
20230523,38.38,23.5,3.86,56.52,1.9,Kolhapur
20230524,38.33,22.9,0.05,52.62,3.03,Kolhapur
20230525,37.03,22.96,0.0,59.84,3.94,Kolhapur
20230526,36.48,22.76,0.05,59.77,4.17,Kolhapur
20230527,36.85,22.24,0.03,57.93,4.28,Kolhapur
20230528,38.89,22.56,0.61,55.56,3.56,Kolhapur
20230529,39.32,23.24,0.82,53.22,2.51,Kolhapur
20230530,35.15,25.23,0.83,54.03,1.96,Kolhapur
20230531,37.05,23.62,1.52,59.38,2.38,Kolhapur
20230601,36.83,24.27,5.4,65.57,3.11,Kolhapur
20230602,35.41,23.32,2.04,62.89,3.11,Kolhapur
20230603,37.55,22.62,0.01,59.69,3.61,Kolhapur
20230604,37.25,23.53,1.56,62.22,3.73,Kolhapur
20230605,31.97,23.94,5.89,71.89,3.14,Kolhapur
20230606,36.66,23.29,0.0,63.79,3.39,Kolhapur
20230607,35.69,23.82,0.0,67.09,3.85,Kolhapur
20230608,33.23,24.43,0.16,67.89,3.09,Kolhapur
20230609,34.07,23.69,0.25,69.36,3.96,Kolhapur
20230610,31.15,24.0,3.77,74.47,4.39,Kolhapur
20230611,32.97,23.18,2.32,71.76,4.77,Kolhapur
20230612,33.16,22.71,3.23,71.13,4.74,Kolhapur
20230613,33.29,23.07,0.93,72.75,5.21,Kolhapur
20230614,32.88,23.15,1.41,73.31,5.26,Kolhapur
20230615,33.41,23.25,0.19,71.78,4.55,Kolhapur
20230616,33.62,23.07,0.57,72.28,4.84,Kolhapur
20230617,32.69,23.37,1.04,75.72,4.74,Kolhapur
20230618,33.61,23.3,0.43,70.95,4.66,Kolhapur
20230619,34.12,23.5,0.02,68.92,4.13,Kolhapur
20230620,34.68,23.13,0.0,68.05,4.3,Kolhapur
20230621,34.28,23.83,0.0,69.66,4.36,Kolhapur
20230622,30.63,23.78,1.24,72.93,3.85,Kolhapur
20230623,32.49,23.1,2.1,72.77,4.36,Kolhapur
20230624,30.48,22.86,14.62,75.96,4.51,Kolhapur
20230625,31.06,22.59,5.06,75.95,4.63,Kolhapur
20230626,30.5,22.5,6.97,76.5,5.15,Kolhapur
20230627,28.33,21.61,20.47,78.74,4.68,Kolhapur
20230628,28.43,21.34,13.16,81.44,5.04,Kolhapur
20230629,29.1,21.77,14.04,81.51,5.19,Kolhapur
20230630,28.56,21.4,19.24,83.39,5.31,Kolhapur
20230701,26.97,22.24,17.21,85.49,4.7,Kolhapur
20230702,28.75,22.26,13.2,85.36,5.39,Kolhapur
20230703,28.77,23.47,13.2,88.0,5.26,Kolhapur
20230704,27.41,22.73,7.67,89.68,5.5,Kolhapur
20230705,27.53,21.34,14.86,87.0,6.32,Kolhapur
20230706,25.06,21.19,26.88,89.45,6.91,Kolhapur
20230707,25.97,21.61,22.7,89.23,6.05,Kolhapur
20230708,26.95,21.85,10.85,86.27,6.01,Kolhapur
20230709,27.48,22.35,4.43,87.11,4.99,Kolhapur
20230710,28.97,21.83,3.02,85.34,4.17,Kolhapur
20230711,27.14,21.85,0.9,87.29,3.98,Kolhapur
20230712,27.44,22.19,2.0,85.38,3.92,Kolhapur
20230713,27.24,22.51,11.14,87.17,4.74,Kolhapur
20230714,26.88,22.04,17.06,87.05,5.39,Kolhapur
20230715,28.68,21.36,4.73,84.64,4.48,Kolhapur
20230716,28.01,22.14,3.9,87.15,4.41,Kolhapur
20230717,26.82,22.79,9.81,88.81,5.05,Kolhapur
20230718,27.11,22.51,33.5,88.82,6.58,Kolhapur
20230719,26.51,22.3,37.98,91.51,6.65,Kolhapur
20230720,25.26,21.25,31.37,90.82,5.94,Kolhapur
20230721,24.58,21.46,40.54,91.88,4.86,Kolhapur
20230722,26.5,21.36,36.34,91.18,5.91,Kolhapur
20230723,26.0,21.38,44.74,90.59,6.82,Kolhapur
20230724,26.31,22.2,32.13,91.54,6.08,Kolhapur
20230725,25.69,21.5,25.97,92.12,5.47,Kolhapur
20230726,25.11,21.83,54.98,93.6,5.97,Kolhapur
20230727,24.41,21.78,37.62,93.98,6.06,Kolhapur
20230728,26.35,21.61,10.67,91.18,5.73,Kolhapur
20230729,26.85,21.4,4.59,90.17,5.43,Kolhapur
20230730,27.13,21.7,5.26,90.42,5.03,Kolhapur
20230731,27.22,21.86,10.86,89.92,5.52,Kolhapur
20230801,26.58,21.85,8.21,91.11,5.68,Kolhapur
20230802,26.77,21.65,2.69,89.87,5.88,Kolhapur
20230803,26.88,21.37,4.04,89.76,5.8,Kolhapur
20230804,27.53,21.63,6.74,89.23,5.57,Kolhapur
20230805,27.24,21.19,3.62,89.56,4.77,Kolhapur
20230806,27.55,21.54,4.85,88.82,4.51,Kolhapur
20230807,27.14,21.66,2.73,89.02,4.61,Kolhapur
20230808,27.24,21.4,3.5,89.35,3.84,Kolhapur
20230809,27.78,20.86,3.86,89.13,3.21,Kolhapur
20230810,27.88,21.17,0.74,88.63,3.27,Kolhapur
20230811,27.86,21.0,0.79,87.98,3.19,Kolhapur
20230812,27.54,20.83,0.76,88.17,3.6,Kolhapur
20230813,27.36,20.94,1.79,88.1,3.69,Kolhapur
20230814,25.97,20.71,0.89,89.16,3.49,Kolhapur
20230815,25.93,20.49,0.38,90.72,2.77,Kolhapur
20230816,28.41,19.76,2.44,87.54,3.06,Kolhapur
20230817,28.03,20.41,2.75,87.33,3.62,Kolhapur
20230818,26.44,20.88,1.69,89.19,3.59,Kolhapur
20230819,26.9,21.45,2.52,89.75,3.82,Kolhapur
20230820,27.47,21.6,1.62,88.26,3.79,Kolhapur
20230821,27.89,20.39,0.53,87.29,2.91,Kolhapur
20230822,28.33,19.88,0.07,87.15,2.65,Kolhapur
20230823,27.06,20.12,0.54,87.84,2.89,Kolhapur
20230824,28.16,20.79,5.12,86.82,3.37,Kolhapur
20230825,27.77,21.76,8.4,88.21,3.47,Kolhapur
20230826,27.68,21.69,2.56,87.95,3.27,Kolhapur
20230827,28.49,21.1,1.05,86.76,3.5,Kolhapur
20230828,28.55,20.81,4.29,87.04,3.67,Kolhapur
20230829,28.52,20.85,9.19,86.89,2.93,Kolhapur
20230830,29.25,20.23,0.94,84.59,2.29,Kolhapur
20230831,29.7,20.68,3.67,85.76,1.88,Kolhapur
20230901,30.24,21.42,6.31,86.09,2.34,Kolhapur
20230902,27.3,21.63,5.21,89.2,2.85,Kolhapur
20230903,26.63,21.23,5.76,89.54,2.76,Kolhapur
20230904,26.73,20.92,2.0,87.42,3.27,Kolhapur
20230905,28.14,20.64,1.04,86.92,2.72,Kolhapur
20230906,27.73,20.29,0.03,86.59,3.04,Kolhapur
20230907,26.97,21.03,2.92,88.19,3.71,Kolhapur
20230908,27.13,21.85,11.29,88.42,4.33,Kolhapur
20230909,28.87,21.84,16.93,88.03,4.22,Kolhapur
20230910,28.33,22.21,3.5,87.68,3.9,Kolhapur
20230911,28.4,21.77,2.07,86.81,3.8,Kolhapur
20230912,27.79,21.44,0.71,87.2,3.55,Kolhapur
20230913,26.58,21.1,0.76,88.25,3.17,Kolhapur
20230914,28.48,20.5,0.45,86.13,2.85,Kolhapur
20230915,28.37,20.63,1.32,86.49,3.03,Kolhapur
20230916,28.61,22.07,2.29,86.6,4.61,Kolhapur
20230917,28.63,22.32,3.13,86.89,4.11,Kolhapur
20230918,28.51,21.66,8.08,87.59,3.8,Kolhapur
20230919,28.47,21.53,7.73,87.17,3.6,Kolhapur
20230920,28.4,21.72,9.38,87.74,3.41,Kolhapur
20230921,28.42,22.13,12.05,88.69,3.19,Kolhapur
20230922,26.76,21.46,12.75,90.08,1.77,Kolhapur
20230923,28.59,20.96,3.32,85.83,2.05,Kolhapur
20230924,26.29,20.7,4.0,89.75,2.57,Kolhapur
20230925,28.23,19.76,4.59,87.8,2.54,Kolhapur
20230926,27.22,21.01,17.51,90.19,2.23,Kolhapur
20230927,25.21,21.66,12.37,92.93,3.97,Kolhapur
20230928,28.98,21.61,6.33,88.39,2.4,Kolhapur
20230929,25.94,20.95,17.32,93.05,2.96,Kolhapur
20230930,26.68,20.06,16.33,92.31,4.23,Kolhapur
20231001,25.55,21.67,26.61,94.24,6.23,Kolhapur
20231002,26.54,20.94,1.73,89.51,2.83,Kolhapur
20231003,27.92,20.85,0.01,87.59,2.22,Kolhapur
20231004,29.24,20.43,3.41,86.83,1.63,Kolhapur
20231005,28.67,20.72,1.18,85.73,1.58,Kolhapur
20231006,29.58,20.24,0.03,83.43,1.71,Kolhapur
20231007,30.59,19.48,0.0,81.01,1.26,Kolhapur
20231008,31.33,19.42,0.0,77.94,1.22,Kolhapur
20231009,30.85,19.87,0.0,79.13,1.15,Kolhapur
20231010,30.93,20.1,0.0,80.89,1.47,Kolhapur
20231011,30.66,20.52,0.0,79.24,1.52,Kolhapur
20231012,31.28,20.78,0.0,76.36,1.78,Kolhapur
20231013,31.3,20.3,0.26,72.13,2.31,Kolhapur
20231014,30.03,18.91,0.09,74.38,1.79,Kolhapur
20231015,30.54,20.14,0.01,76.05,1.14,Kolhapur
20231016,29.13,21.46,0.19,75.83,1.1,Kolhapur
20231017,30.92,19.73,0.05,75.04,1.31,Kolhapur
20231018,31.1,19.52,0.0,74.06,1.86,Kolhapur
20231019,31.01,18.78,0.0,72.99,1.83,Kolhapur
20231020,31.14,19.27,0.08,73.99,1.9,Kolhapur
20231021,31.14,19.12,0.01,74.47,2.02,Kolhapur
20231022,30.58,19.51,0.0,73.32,2.03,Kolhapur
20231023,30.99,17.81,0.0,70.05,1.95,Kolhapur
20231024,30.51,17.52,0.0,73.08,1.3,Kolhapur
20231025,30.84,17.35,0.0,68.41,1.93,Kolhapur
20231026,30.08,16.58,0.0,65.6,2.22,Kolhapur
20231027,29.98,15.87,0.0,61.91,2.38,Kolhapur
20231028,30.79,15.69,0.0,65.28,2.21,Kolhapur
20231029,31.44,16.69,0.0,67.28,1.83,Kolhapur
20231030,29.78,18.49,1.33,72.32,1.92,Kolhapur
20231031,30.8,18.04,1.26,73.56,1.28,Kolhapur
20231101,30.74,19.63,0.01,74.17,1.31,Kolhapur
20231102,30.87,19.09,0.0,69.91,1.8,Kolhapur
20231103,31.59,19.7,0.0,69.3,1.73,Kolhapur
20231104,26.7,21.22,0.02,79.92,2.18,Kolhapur
20231105,30.49,21.75,0.01,76.02,2.2,Kolhapur
20231106,27.82,19.43,0.16,77.67,2.43,Kolhapur
20231107,28.06,20.46,6.41,85.44,1.5,Kolhapur
20231108,24.15,20.68,15.51,91.55,1.76,Kolhapur
20231109,27.97,20.08,3.45,84.98,2.2,Kolhapur
20231110,28.84,20.48,0.13,82.1,1.86,Kolhapur
20231111,30.65,20.39,0.0,75.49,2.28,Kolhapur
20231112,29.59,18.74,0.0,68.64,2.45,Kolhapur
20231113,30.38,17.85,0.0,67.35,2.03,Kolhapur
20231114,29.92,18.52,0.0,72.55,1.79,Kolhapur
20231115,29.27,17.6,0.0,73.33,1.65,Kolhapur
20231116,29.53,15.53,0.0,66.99,2.03,Kolhapur
20231117,29.96,15.9,0.0,66.96,2.03,Kolhapur
20231118,30.73,17.31,0.0,71.42,1.55,Kolhapur
20231119,30.66,19.35,0.0,71.48,1.94,Kolhapur
20231120,30.29,18.7,0.0,70.26,2.24,Kolhapur
20231121,30.4,17.26,0.0,63.91,2.46,Kolhapur
20231122,30.42,17.76,0.0,69.64,2.16,Kolhapur
20231123,30.68,17.88,0.0,72.68,1.69,Kolhapur
20231124,31.39,19.91,0.36,72.71,1.65,Kolhapur
20231125,31.38,21.32,1.7,72.81,2.16,Kolhapur
20231126,30.36,20.92,1.39,73.32,1.97,Kolhapur
20231127,31.34,19.77,0.2,71.99,1.8,Kolhapur
20231128,30.17,19.25,1.5,78.42,1.1,Kolhapur
20231129,29.91,19.84,3.86,77.98,1.2,Kolhapur
20231130,31.2,19.13,2.92,76.01,1.76,Kolhapur
20231201,30.33,18.83,1.5,74.25,1.33,Kolhapur
20231202,31.1,17.86,0.0,67.44,2.19,Kolhapur
20231203,31.68,19.16,0.0,67.71,3.09,Kolhapur
20231204,31.13,19.7,0.0,69.86,2.71,Kolhapur
20231205,30.63,18.28,0.0,68.64,2.25,Kolhapur
20231206,28.42,17.87,0.0,70.75,1.75,Kolhapur
20231207,30.27,16.34,0.0,71.23,1.57,Kolhapur
20231208,31.05,17.03,0.0,67.72,1.31,Kolhapur
20231209,31.02,18.11,0.0,65.94,1.72,Kolhapur
20231210,30.89,18.54,0.0,66.06,1.9,Kolhapur
20231211,31.55,16.49,0.0,59.25,1.61,Kolhapur
20231212,31.22,16.05,0.0,57.3,1.57,Kolhapur
20231213,30.79,15.65,0.0,56.01,2.06,Kolhapur
20231214,29.82,15.69,0.0,53.78,2.8,Kolhapur
20231215,29.76,14.52,0.0,53.91,2.21,Kolhapur
20231216,30.07,15.6,0.0,61.44,2.01,Kolhapur
20231217,30.65,18.97,0.0,66.13,2.88,Kolhapur
20231218,29.73,19.51,0.0,59.88,3.76,Kolhapur
20231219,28.53,17.54,0.0,52.41,3.83,Kolhapur
20231220,30.65,15.71,0.0,50.26,3.39,Kolhapur
20231221,31.37,16.21,0.0,46.32,2.55,Kolhapur
20231222,31.97,16.02,0.0,37.33,2.1,Kolhapur
20231223,31.73,15.83,0.0,38.62,2.42,Kolhapur
20231224,30.78,15.87,0.0,49.46,3.13,Kolhapur
20231225,31.34,15.63,0.0,44.51,3.12,Kolhapur
20231226,33.17,16.7,0.0,43.29,2.85,Kolhapur
20231227,32.51,15.86,0.0,47.99,3.3,Kolhapur
20231228,33.24,15.76,0.0,48.15,2.83,Kolhapur
20231229,32.48,15.3,0.0,47.83,2.95,Kolhapur
20231230,32.72,15.59,0.0,47.72,2.15,Kolhapur
20231231,32.31,15.18,0.0,45.69,2.18,Kolhapur
20240101,31.61,16.15,0.0,51.67,1.28,Kolhapur
20240102,31.56,16.4,0.0,50.02,1.87,Kolhapur
20240103,31.49,17.1,0.02,56.79,1.98,Kolhapur
20240104,30.85,18.58,0.08,63.27,1.19,Kolhapur
20240105,31.23,17.21,0.04,59.85,1.55,Kolhapur
20240106,31.66,17.08,0.26,59.68,1.83,Kolhapur
20240107,31.66,15.83,0.09,58.86,2.32,Kolhapur
20240108,31.95,17.64,0.84,54.22,3.29,Kolhapur
20240109,30.83,18.7,0.78,58.76,2.95,Kolhapur
20240110,32.68,18.4,0.19,51.35,2.52,Kolhapur
20240111,33.3,17.98,0.06,50.48,2.47,Kolhapur
20240112,33.76,17.45,0.0,44.48,2.91,Kolhapur
20240113,33.19,17.3,0.0,49.79,1.86,Kolhapur
20240114,32.72,16.33,0.0,45.08,1.83,Kolhapur
20240115,32.93,15.65,0.0,46.03,1.99,Kolhapur
20240116,32.57,14.24,0.0,46.62,1.55,Kolhapur
20240117,32.47,15.44,0.0,59.85,1.8,Kolhapur
20240118,30.6,15.95,0.0,65.29,1.75,Kolhapur
20240119,31.93,14.62,0.0,62.36,2.05,Kolhapur
20240120,32.61,16.38,0.0,63.16,1.96,Kolhapur
20240121,32.94,15.72,0.0,56.61,1.86,Kolhapur
20240122,34.43,15.81,0.0,53.43,2.22,Kolhapur
20240123,32.55,13.3,0.0,50.04,1.75,Kolhapur
20240124,32.66,12.28,0.0,38.46,1.24,Kolhapur
20240125,32.39,12.76,0.0,38.48,2.08,Kolhapur
20240126,33.23,16.82,0.0,40.39,2.09,Kolhapur
20240127,33.65,18.4,0.0,44.96,2.0,Kolhapur
20240128,32.96,17.63,0.0,43.13,2.24,Kolhapur
20240129,33.37,16.86,0.0,37.27,1.7,Kolhapur
20240130,33.46,17.23,0.0,41.25,1.6,Kolhapur
20240131,34.09,16.26,0.0,49.16,1.99,Kolhapur
20240201,31.94,14.97,0.0,58.61,2.14,Kolhapur
20240202,33.69,13.71,0.0,51.09,1.39,Kolhapur
20240203,34.59,15.67,0.0,38.78,2.2,Kolhapur
20240204,35.13,18.16,0.0,42.37,1.57,Kolhapur
20240205,35.45,19.08,0.0,42.11,1.03,Kolhapur
20240206,36.04,19.27,0.0,34.41,1.47,Kolhapur
20240207,36.29,19.41,0.0,32.56,1.71,Kolhapur
20240208,36.26,18.91,0.0,27.33,2.44,Kolhapur
20240209,36.16,18.01,0.0,26.51,1.96,Kolhapur
20240210,36.47,19.31,0.0,32.03,2.38,Kolhapur
20240211,36.12,17.58,0.0,28.03,2.02,Kolhapur
20240212,36.1,18.02,0.0,29.0,1.69,Kolhapur
20240213,35.83,17.72,0.0,31.96,1.89,Kolhapur
20240214,34.56,18.14,0.0,33.25,1.24,Kolhapur
20240215,36.05,21.63,0.0,33.42,1.94,Kolhapur
20240216,36.38,18.99,0.0,25.7,2.73,Kolhapur
20240217,36.14,17.92,0.0,24.67,2.37,Kolhapur
20240218,35.92,16.16,0.0,25.18,1.62,Kolhapur
20240219,35.89,16.97,0.0,45.6,1.71,Kolhapur
20240220,36.2,17.91,0.0,35.11,2.03,Kolhapur
20240221,34.48,16.59,0.0,44.83,2.65,Kolhapur
20240222,35.34,15.59,0.0,51.72,2.53,Kolhapur
20240223,35.08,14.79,0.0,44.26,2.21,Kolhapur
20240224,35.95,14.4,0.0,43.39,2.4,Kolhapur
20240225,36.64,15.83,0.0,26.34,1.57,Kolhapur
20240226,36.22,19.33,0.0,41.12,2.21,Kolhapur
20240227,36.94,20.73,0.0,41.31,2.0,Kolhapur
20240228,37.1,22.6,0.01,31.2,2.06,Kolhapur
20240229,37.44,20.72,0.0,31.89,1.93,Kolhapur
20240301,37.47,22.09,0.0,36.19,2.16,Kolhapur
20240302,37.27,20.34,0.0,53.46,2.73,Kolhapur
20240303,34.77,18.77,0.0,58.27,3.01,Kolhapur
20240304,35.5,16.27,0.0,48.68,2.45,Kolhapur
20240305,36.99,17.48,0.0,34.03,2.12,Kolhapur
20240306,36.35,18.25,0.0,40.25,2.46,Kolhapur
20240307,37.74,16.37,0.0,35.55,2.29,Kolhapur
20240308,37.82,17.51,0.0,31.31,1.99,Kolhapur
20240309,37.9,18.51,0.0,24.38,1.8,Kolhapur
20240310,38.47,19.13,0.0,27.36,1.92,Kolhapur
20240311,38.07,20.09,0.0,25.21,2.04,Kolhapur
20240312,38.74,21.35,0.0,33.92,2.36,Kolhapur
20240313,38.23,21.35,0.0,40.65,2.87,Kolhapur
20240314,37.95,17.79,0.0,47.07,2.39,Kolhapur
20240315,38.28,17.69,0.0,39.12,2.26,Kolhapur
20240316,37.96,18.37,0.0,38.34,2.57,Kolhapur
20240317,38.41,19.07,0.0,33.88,2.0,Kolhapur
20240318,37.58,19.59,0.0,34.49,2.61,Kolhapur
20240319,37.86,19.28,0.0,35.75,2.49,Kolhapur
20240320,38.11,19.9,0.0,23.77,2.63,Kolhapur
20240321,37.88,22.1,0.0,36.91,2.94,Kolhapur
20240322,38.04,21.67,0.05,49.64,1.71,Kolhapur
20240323,38.9,20.73,0.01,36.02,2.11,Kolhapur
20240324,39.42,21.15,0.0,31.59,2.37,Kolhapur
20240325,40.12,21.72,0.0,36.63,2.12,Kolhapur
20240326,39.03,23.88,0.01,39.75,2.03,Kolhapur
20240327,40.76,23.4,0.0,39.13,1.67,Kolhapur
20240328,39.78,24.03,0.01,42.26,1.64,Kolhapur
20240329,40.81,23.17,0.09,51.95,2.34,Kolhapur
20240330,40.29,22.47,0.02,49.59,2.17,Kolhapur
20240331,40.97,23.14,0.0,42.23,1.69,Kolhapur
